tick,turn,forward,attack,health,kills
1,0.0,3.479,1,100,0
2,1.0442,6.097,1,100,0
3,0.7844,15.017,1,100,0
4,0.5893,14.76,1,100,0
5,0.4427,14.568,1,100,0
6,1.3771,14.436,1,100,0
7,1.0346,17.803,1,100,0
8,0.7772,16.853,1,100,0
9,1.6286,16.154,1,100,0
10,1.2235,15.615,1,100,0
11,0.9192,18.689,1,100,0
12,0.6906,20.0,1,100,0
13,1.5635,15.791,0,100,0
14,1.1746,18.821,1,100,0
15,0.8824,20.0,1,100,0
16,0.6636,19.346,1,100,0
17,0.4985,20.0,1,100,0
18,0.3745,19.625,1,100,0
19,1.325,18.222,1,100,0
20,0.9964,17.184,1,100,0
21,0.7486,19.867,1,100,0
22,0.5624,20.0,1,100,0
23,0.4229,20.0,1,100,0
24,1.3614,20.0,1,100,0
25,2.0664,19.309,1,100,0
26,1.5524,17.985,1,100,0
27,1.1674,20.0,1,100,0
28,0.8771,20.0,1,100,0
29,1.7025,20.0,1,100,0
30,1.2803,20.0,1,100,0
31,2.0055,18.646,0,100,0
32,1.5067,20.0,1,100,0
33,1.1319,20.0,1,100,0
34,0.8512,20.0,1,100,0
35,0.6395,20.0,1,100,0
36,1.5241,20.0,1,100,0
37,1.1461,17.888,0,94,0
38,1.9047,20.0,1,94,0
39,1.4309,20.0,1,94,0
40,1.075,20.0,1,94,0
41,1.8526,20.0,1,94,0
42,1.3918,20.0,1,94,0
43,1.0456,20.0,1,94,0
44,0.7863,20.0,1,94,0
45,0.5907,20.0,1,94,0
46,2.5311,20.0,1,94,0
47,1.9015,20.0,1,94,0
48,1.43,20.0,1,94,0
49,2.1179,20.0,1,94,0
50,1.5911,20.0,1,94,0
51,1.1965,20.0,1,94,0
52,0.8989,20.0,1,94,0
53,2.7626,20.0,0,94,0
54,2.0755,20.0,1,94,0
55,1.5608,20.0,1,94,0
56,2.2162,20.0,1,94,0
57,1.665,20.0,1,94,0
58,1.2521,20.0,1,94,0
59,1.9843,20.0,1,94,0
60,2.5344,20.0,1,94,0
61,1.904,20.0,1,94,0
62,1.4318,20.0,1,94,0
63,2.1193,20.0,1,94,0
64,2.6358,20.0,1,94,0
65,1.9822,20.0,1,94,0
66,2.5328,20.0,1,94,0
67,1.9028,20.0,1,94,0
68,1.4295,20.0,1,94,0
69,2.1192,20.0,1,94,0
70,2.6357,20.0,1,94,0
71,1.9801,20.0,1,94,0
72,2.5332,20.0,1,94,0
73,1.9031,20.0,1,94,0
74,1.4297,20.0,1,94,0
75,2.1178,20.0,1,94,0
76,2.6367,20.0,1,94,0
77,1.9809,20.0,1,94,0
78,1.4882,20.0,1,94,0
79,2.1633,20.0,1,94,0
80,1.6252,20.0,1,94,0
81,2.2646,20.0,1,94,0
82,1.7013,20.0,1,94,0
83,2.3236,20.0,1,94,0
84,2.7893,20.0,1,94,0
85,2.0955,20.0,1,94,0
86,1.5758,20.0,1,94,0
87,2.2275,20.0,1,94,0
88,2.7171,20.0,1,94,0
89,2.0413,20.0,1,94,0
90,1.5351,20.0,1,94,0
91,1.1532,20.0,1,94,0
92,0.8664,20.0,1,94,0
93,1.6957,20.0,1,94,0
94,1.2739,20.0,1,94,0
95,0.957,18.518,0,94,0
96,1.7626,20.0,1,94,0
97,1.3255,20.0,1,94,0
98,2.0395,20.0,1,94,0
99,1.5322,20.0,1,94,0
100,1.1522,20.0,1,94,0
101,1.9093,20.0,1,94,0
102,1.4344,18.655,1,94,0
103,1.0776,20.0,1,94,0
104,0.8104,19.252,1,94,0
105,0.6088,20.0,1,94,0
106,0.4574,16.093,0,94,0
107,1.3881,19.063,1,94,0
108,1.0428,17.8,1,94,0
109,0.7834,20.0,1,94,0
110,0.5886,18.752,1,94,0
111,0.4426,20.0,1,94,0
112,0.3325,19.303,1,94,0
113,0.2498,20.0,1,94,0
114,0.1879,16.138,0,94,0
115,0.1411,19.081,1,94,0
116,1.1497,17.814,1,94,0
117,0.8637,20.0,1,94,0
118,0.6495,18.777,1,94,0
119,0.488,20.0,1,94,0
120,0.3666,20.0,1,94,0
121,0.2757,20.0,1,94,0
122,0.2071,20.0,1,94,0
123,0.1556,20.0,1,94,0
124,0.1169,17.894,0,94,0
125,1.1321,20.0,1,94,0
126,0.8505,20.0,1,94,0
127,0.6389,20.0,1,94,0
128,1.5246,20.0,1,94,0
129,1.1454,20.0,1,94,0
130,0.8605,20.0,1,94,0
131,1.6901,19.421,1,94,0
132,1.271,20.0,1,94,0
133,0.9548,19.681,1,94,0
134,0.7173,20.0,1,94,0
135,0.5394,19.832,1,94,0
136,0.4053,20.0,1,94,0
137,0.3045,19.899,1,94,0
138,0.2287,20.0,1,94,0
139,0.172,16.474,0,94,0
140,1.1729,19.334,1,94,0
141,0.8811,18.004,1,94,0
142,0.6626,20.0,1,94,0
143,0.4978,20.0,1,94,0
144,0.374,20.0,1,94,0
145,0.281,20.0,1,94,0
146,1.2554,16.687,0,94,0
147,0.9432,19.494,1,94,0
148,-0.3351,18.124,1,94,0
149,-0.252,17.11,1,94,0
150,-0.1893,19.812,1,94,0
151,-0.1422,18.363,1,94,0
152,-0.1068,20.0,1,94,0
153,-0.0804,19.087,1,94,0
154,0.9833,17.818,1,94,0
155,0.7387,16.865,1,94,0
156,0.5555,19.644,1,94,0
157,0.4173,20.0,1,94,0
158,0.3135,19.793,1,94,0
159,0.2355,20.0,1,94,0
160,1.2213,19.895,1,94,0
161,1.9612,20.0,1,94,0
162,0.4297,19.934,1,94,0
163,0.3231,18.472,1,94,0
164,1.2864,20.0,1,94,0
165,2.0101,19.131,1,94,0
166,1.5101,17.851,1,94,0
167,1.1356,20.0,1,94,0
168,0.8531,20.0,1,94,0
169,-0.4027,20.0,1,82,0
170,1.7855,18.68,1,82,0
171,1.3413,17.512,1,82,0
172,1.0077,20.0,1,82,0
173,0.757,18.59,1,82,0
174,0.5693,20.0,1,82,0
175,0.4277,20.0,1,82,0
176,0.3213,17.046,0,82,0
177,1.2858,19.78,1,82,0
178,0.966,18.339,1,82,0
179,0.7257,20.0,1,82,0
180,-0.4985,19.056,1,82,0
181,0.6693,14.33,0,82,0
182,1.5465,17.724,1,82,0
183,1.1618,20.0,1,82,0
184,0.8737,20.0,1,82,0
185,0.6564,20.0,1,82,0
186,0.4931,18.626,1,82,0
187,1.4141,20.0,1,82,0
188,2.1076,20.0,1,82,0
189,1.5833,20.0,1,82,0
190,1.1895,20.0,1,82,0
191,0.8945,20.0,1,82,0
192,0.672,20.0,1,82,0
193,0.5049,20.0,1,82,0
194,1.4229,17.006,0,82,0
195,1.0701,19.75,1,82,0
196,0.8039,20.0,1,82,0
197,1.6476,20.0,1,82,0
198,1.239,20.0,1,82,0
199,0.9308,20.0,1,82,0
200,0.6993,17.094,0,82,0
201,1.569,19.8,1,82,0
202,1.1799,18.37,1,82,0
203,0.8864,20.0,1,82,0
204,0.6659,20.0,1,82,0
205,0.5008,20.0,1,82,0
206,0.3762,20.0,1,82,0
207,1.3263,16.764,0,82,0
208,0.9964,19.552,1,82,0
209,0.7493,18.184,1,82,0
210,0.5629,20.0,1,82,0
211,0.4229,18.969,1,82,0
212,0.318,20.0,1,82,0
213,0.2389,20.0,1,82,0
214,0.1795,20.0,1,82,0
215,0.1348,20.0,1,82,0
216,0.1014,20.0,1,82,0
217,2.1635,20.0,1,82,0
218,1.6253,20.0,1,82,0
219,1.2223,20.0,1,82,0
220,0.9183,20.0,1,82,0
221,0.6899,20.0,1,82,0
222,1.5619,16.589,0,82,0
223,1.1746,19.436,1,82,0
224,0.8824,18.081,1,82,0
225,0.6629,20.0,1,82,0
226,0.4985,20.0,1,82,0
227,0.3745,20.0,1,82,0
228,1.325,18.739,1,82,0
229,0.9954,17.557,1,82,0
230,0.7486,20.0,1,82,0
231,0.5624,18.627,1,82,0
232,0.4225,20.0,1,82,0
233,0.3177,19.237,1,82,0
234,0.2387,20.0,1,82,0
235,0.1793,19.563,1,82,0
236,1.1784,18.176,1,82,0
237,0.8862,17.149,1,82,0
238,0.6657,19.841,1,82,0
239,0.5001,18.385,1,82,0
240,0.3761,17.306,1,82,0
241,1.3262,19.959,1,82,0
242,2.04,20.0,1,82,0
243,0.4889,19.971,1,82,0
244,1.4118,20.0,1,82,0
245,1.0606,19.991,1,82,0
246,0.7968,20.0,1,82,0
247,0.5992,20.0,1,82,0
248,-0.5935,18.509,1,82,0
249,1.6414,17.384,1,82,0
250,0.1895,16.539,1,82,0
251,0.1425,19.399,1,82,0
252,0.1071,18.052,1,82,0
253,1.1241,20.0,1,82,0
254,-0.1988,18.912,1,82,0
255,-0.1494,20.0,1,82,0
256,-0.1122,19.38,1,82,0
257,-0.0843,18.038,1,82,0
258,0.9808,17.045,1,82,0
259,0.7368,19.763,1,82,0
260,0.5535,18.326,1,82,0
261,0.4163,20.0,1,82,0
262,0.3127,19.062,1,82,0
263,0.2349,20.0,1,82,0
264,0.1765,19.464,1,82,0
265,0.1327,18.118,1,82,0
266,1.1434,17.09,1,82,0
267,0.859,19.797,1,82,0
268,0.646,18.368,1,82,0
269,0.4853,20.0,1,82,0
270,0.3646,19.073,1,82,0
271,0.2739,20.0,1,82,0
272,1.2501,20.0,1,82,0
273,0.9392,20.0,1,82,0
274,0.7056,20.0,1,82,0
275,0.5306,20.0,1,82,0
276,1.4423,18.825,1,82,0
277,1.0835,20.0,1,82,0
278,0.814,20.0,1,82,0
279,0.6121,20.0,1,82,0
280,0.4599,20.0,1,82,0
281,0.3455,20.0,1,82,0
282,1.304,18.785,1,82,0
283,0.9796,20.0,1,82,0
284,0.736,19.308,1,82,0
285,0.5529,20.0,1,82,0
286,0.4158,19.621,1,82,0
287,0.3124,18.219,1,82,0
288,1.2783,20.0,1,82,0
289,0.9613,19.006,1,82,0
290,0.7222,20.0,1,82,0
291,0.5426,20.0,1,82,0
292,0.4076,20.0,1,82,0
293,1.3507,19.041,1,82,0
294,2.0584,20.0,1,82,0
295,1.5464,19.452,1,82,0
296,1.1629,20.0,1,82,0
297,0.8736,19.698,1,82,0
298,0.6563,20.0,1,82,0
299,0.4931,16.345,0,82,0
300,0.3708,15.772,1,82,0
301,0.2786,18.807,1,82,0
302,0.2093,17.607,1,82,0
303,0.1574,20.0,1,82,0
304,1.1619,15.177,0,82,0
305,-0.1708,18.36,1,82,0
306,-0.1283,17.272,1,82,0
307,-0.0965,16.469,1,82,0
308,-0.0725,19.33,1,82,0
309,-0.0545,18.001,1,82,0
310,-0.0409,20.0,1,82,0
311,-0.0308,18.878,1,82,0
312,-0.0231,20.0,1,82,0
313,-0.0174,15.882,0,82,0
314,1.0311,18.904,1,82,0
315,0.7746,20.0,1,82,0
316,0.5819,19.375,1,82,0
317,0.4376,20.0,1,82,0
318,0.3288,19.655,1,82,0
319,1.2907,18.245,1,82,0
320,0.9696,20.0,1,82,0
321,0.7292,19.02,1,82,0
322,0.5478,20.0,1,82,0
323,-0.6321,19.441,1,82,0
324,-0.4754,18.1,1,82,0
325,-0.3571,20.0,1,82,0
326,-0.2683,18.922,1,82,0
327,0.8421,17.694,1,82,0
328,0.6333,16.787,1,82,0
329,0.4758,19.569,1,82,0
330,0.3574,18.18,1,82,0
331,0.2688,20.0,1,82,0
332,0.2019,18.979,1,82,0
333,0.1517,17.737,1,82,0
334,1.1576,16.804,1,82,0
335,0.8705,19.598,1,82,0
336,0.654,20.0,1,82,0
337,0.4913,19.767,1,82,0
338,0.3695,20.0,1,82,1
339,0.2776,16.397,0,82,1
340,1.2522,19.276,1,82,1
341,0.9407,17.96,1,82,1
342,0.7074,20.0,1,82,1
343,0.5315,20.0,1,82,1
344,0.3993,20.0,1,82,1
345,0.3003,20.0,1,82,1
346,0.2256,16.674,0,82,1
347,1.2131,19.484,1,82,1
348,0.9114,18.117,1,82,1
349,0.6854,20.0,1,82,1
350,0.5149,18.944,1,82,1
351,0.3868,20.0,1,82,1
352,1.335,20.0,1,82,1
353,1.003,20.0,1,82,1
354,1.7971,19.015,1,82,1
355,1.3501,20.0,1,82,1
356,1.0153,20.0,1,82,1
357,0.7628,20.0,1,82,1
358,0.573,20.0,1,82,1
359,1.4751,20.0,1,82,1
360,1.1082,18.814,1,82,1
361,1.8762,20.0,1,82,1
362,0.3659,20.0,1,82,1
363,0.2751,20.0,1,82,1
364,1.2503,20.0,1,82,1
365,0.9393,19.7,1,82,1
366,1.7505,20.0,1,82,1
367,1.3151,19.838,1,82,1
368,0.988,20.0,1,82,1
369,0.7422,19.902,1,82,1
370,0.5582,20.0,1,82,1
371,0.4193,19.952,1,82,1
372,0.315,20.0,1,82,1
373,1.2811,19.985,1,82,1
374,2.0061,18.493,1,82,1
375,1.5071,20.0,1,82,1
376,1.1322,20.0,1,82,1
377,0.8514,20.0,1,82,1
378,0.6397,20.0,1,82,1
379,0.4805,20.0,1,82,1
380,0.3614,20.0,1,82,1
381,0.2715,20.0,1,82,1
382,2.2913,18.625,1,82,1
383,1.7213,20.0,1,82,1
384,1.2945,20.0,1,82,1
385,0.9725,20.0,1,82,1
386,0.7306,20.0,1,82,1
387,1.5936,20.0,1,82,1
388,1.1972,20.0,1,82,1
389,0.8994,18.66,0,82,1
390,1.7193,20.0,1,82,1
391,1.293,19.255,1,82,1
392,0.9714,20.0,1,82,1
393,0.7297,19.573,1,82,1
394,0.5488,20.0,1,82,1
395,1.4559,16.288,0,82,1
396,1.0938,19.194,1,82,1
397,0.8217,20.0,1,82,1
398,0.6179,19.557,1,82,1
399,0.4642,20.0,1,82,1
400,1.3924,20.0,1,82,1
401,1.0471,20.0,1,82,1
402,0.7867,20.0,1,82,1
403,1.6346,17.048,0,82,1
404,1.228,19.765,1,82,1
405,0.9235,20.0,1,82,1
406,0.6938,19.875,1,82,1
407,0.5212,20.0,1,82,1
408,0.392,16.461,0,82,1
409,1.3381,19.324,1,82,1
410,1.0053,17.996,1,82,1
411,0.7552,20.0,1,82,1
412,0.5679,18.88,1,82,1
413,0.4267,20.0,1,82,1
414,0.3205,19.362,1,82,1
415,0.2411,20.0,1,82,1
416,0.1811,19.647,1,82,1
417,0.1361,18.239,1,82,1
418,1.1459,17.181,1,82,1
419,0.8617,19.881,1,82,1
420,0.6474,18.415,1,82,1
421,0.4863,20.0,1,82,1
422,0.3657,19.117,1,82,1
423,0.2748,17.84,1,82,1
424,1.2501,16.882,1,82,1
425,0.9391,19.64,1,82,1
426,1.7504,20.0,1,82,1
427,1.315,20.0,1,82,1
428,0.9879,20.0,1,82,1
429,0.7429,18.386,0,82,1
430,2.6454,20.0,1,82,1
431,1.9874,20.0,1,82,1
432,1.4931,20.0,1,82,1
433,1.1228,20.0,1,82,1
434,0.8435,20.0,1,82,1
435,0.6337,20.0,1,82,1
436,0.4766,20.0,1,82,1
437,0.358,16.991,0,82,1
438,1.3126,19.722,1,82,1
439,0.9861,18.295,1,82,1
440,0.7416,20.0,1,82,1
441,0.5571,19.045,1,82,1
442,0.4185,20.0,1,82,1
443,1.3589,19.472,1,82,1
444,1.0209,18.108,1,82,1
445,0.767,20.0,1,82,1
446,0.5762,20.0,1,82,1
447,0.4333,20.0,1,82,1
448,0.3255,20.0,1,82,1
449,1.2882,20.0,1,82,1
450,-0.0754,20.0,1,82,1
451,0.987,20.0,1,82,1
452,0.7415,20.0,1,82,1
453,1.6007,20.0,1,82,1
454,1.2038,20.0,1,82,1
455,0.9043,20.0,1,82,1
456,0.6794,20.0,1,82,1
457,0.5109,20.0,1,82,1
458,1.4275,16.657,0,82,1
459,1.0724,19.472,1,82,1
460,0.8057,18.107,1,82,1
461,0.6059,20.0,1,82,1
462,0.4552,18.938,1,82,1
463,1.3856,17.706,1,82,1
464,1.042,16.796,1,82,1
465,0.7828,19.576,1,82,1
466,0.5881,18.185,1,82,1
467,0.4418,20.0,1,82,1
468,0.3323,20.0,1,82,1
469,0.2496,20.0,1,82,1
470,0.1875,20.0,1,82,1
471,1.1852,16.734,0,82,1
472,0.8904,19.529,1,82,1
473,0.6689,18.15,1,82,1
474,0.5025,20.0,1,82,1
475,0.3779,18.967,1,82,1
476,0.2839,20.0,1,82,1
477,0.2133,19.411,1,82,1
478,0.1604,20.0,1,82,1
479,0.1205,19.675,1,82,1
480,1.1342,18.26,1,82,1
481,0.8521,17.197,1,82,1
482,0.6408,19.893,1,82,1
483,0.4814,18.424,1,82,1
484,0.3616,20.0,1,82,1
485,0.272,15.641,0,82,1
486,1.248,18.708,1,82,1
487,0.9376,17.534,1,82,1
488,0.7043,20.0,1,82,1
489,0.5297,18.619,1,82,1
490,0.3979,20.0,1,82,1
491,0.2989,19.214,1,82,1
492,1.269,17.93,1,82,1
493,0.9533,16.949,1,82,1
494,0.7162,19.691,1,82,1
495,0.5381,18.272,1,82,1
496,0.4046,20.0,1,82,1
497,0.304,19.031,1,82,1
498,0.2284,17.776,1,82,1
499,1.2159,16.849,1,82,1
500,0.9134,19.615,1,82,1
501,0.6862,18.215,1,82,1
502,0.5155,20.0,1,82,1
503,0.3877,19.004,1,82,1
504,0.2913,20.0,1,82,1
505,0.2188,20.0,1,82,1
506,0.1646,20.0,1,82,1
507,2.2109,19.037,1,82,1
508,1.661,20.0,1,82,1
509,1.2478,20.0,1,76,1
510,0.9384,20.0,1,76,1
511,-0.3387,19.048,1,76,1
512,0.7892,20.0,1,76,1
513,-0.4506,19.474,1,76,1
514,-0.3386,20.0,1,76,1
515,0.7893,19.697,1,76,1
516,1.6366,20.0,1,76,1
517,1.2308,19.841,1,76,1
518,0.9246,20.0,1,76,1
519,0.6946,20.0,1,76,1
520,0.5224,20.0,1,76,1
521,0.3924,19.304,1,76,1
522,1.3385,17.981,1,76,1
523,1.0056,20.0,1,76,1
524,1.8003,20.0,1,76,1
525,1.3525,20.0,1,76,1
526,1.0161,20.0,1,76,1
527,0.7641,20.0,1,76,1
528,-0.4696,20.0,1,76,1
529,0.6909,20.0,1,76,1
530,-0.5246,20.0,1,76,1
531,-0.3945,15.563,0,76,1
532,0.7473,18.65,1,76,1
533,0.5614,17.49,1,76,1
534,0.4222,20.0,1,76,1
535,0.3172,18.589,1,76,1
536,1.2819,20.0,1,76,1
537,0.9631,20.0,1,76,1
538,0.7242,20.0,1,76,1
539,2.6314,20.0,1,73,1
540,1.9769,20.0,1,73,1
541,1.4866,20.0,1,73,1
542,1.1169,20.0,1,73,1
543,0.8391,20.0,1,73,1
544,0.6303,18.751,1,73,1
545,1.5182,17.582,1,73,1
546,1.1406,20.0,1,73,1
547,0.8569,18.629,1,73,1
548,0.6444,20.0,1,73,1
549,0.4841,19.233,1,73,1
550,1.4073,20.0,1,73,1
551,1.0573,20.0,1,73,1
552,0.7951,20.0,1,73,1
553,0.5973,20.0,1,73,1
554,1.4924,19.433,1,73,1
555,1.1223,18.094,1,73,1
556,0.8431,20.0,1,73,1
557,0.6334,20.0,1,73,1
558,1.5195,20.0,1,73,1
559,1.1427,20.0,1,73,1
560,1.9021,19.53,1,73,1
561,1.429,20.0,1,73,1
562,1.0746,19.747,1,73,1
563,0.8073,20.0,1,73,1
564,0.6065,19.851,1,73,1
565,0.4557,20.0,1,73,1
566,0.3427,16.447,0,73,1
567,1.3011,19.314,1,73,1
568,0.9775,17.989,1,73,1
569,0.7351,20.0,1,73,1
570,0.5522,18.871,1,73,1
571,0.4149,20.0,1,73,1
572,1.3553,20.0,1,73,1
573,-0.0249,17.173,0,73,1
574,1.0249,16.38,1,73,1
575,0.77,19.263,1,73,1
576,1.6232,20.0,1,73,1
577,1.2194,20.0,1,73,1
578,0.9161,20.0,1,73,1
579,0.6882,19.113,1,73,1
580,1.5617,17.854,1,73,1
581,1.1733,20.0,1,73,1
582,0.8814,18.783,1,73,1
583,0.6628,20.0,1,73,1
584,0.498,19.32,1,73,1
585,0.3741,20.0,1,73,1
586,1.3247,16.131,0,73,1
587,0.9962,19.092,1,73,1
588,0.7484,20.0,1,73,1
589,0.5622,19.481,1,73,1
590,0.4228,20.0,1,73,1
591,0.3176,19.714,1,73,1
592,0.2386,18.29,1,73,1
593,1.2229,17.219,1,70,1
594,0.9197,19.91,1,70,1
595,0.6909,18.437,1,70,1
596,0.5191,20.0,1,70,1
597,0.3903,19.129,1,70,1
598,0.2932,14.371,0,70,1
599,-0.8233,17.754,1,70,1
600,0.4251,16.817,1,70,1
601,0.3197,19.607,1,70,1
602,0.2402,18.209,1,70,1
603,0.1804,20.0,1,70,1
604,0.1357,20.0,1,70,1
605,0.1019,20.0,1,70,2
606,0.0766,20.0,1,70,2
607,0.0575,20.0,1,70,2
608,1.0874,18.672,1,70,2
609,0.8169,17.507,1,70,2
610,0.6137,20.0,1,70,2
611,0.4615,18.603,1,70,2
612,0.3467,20.0,1,70,2
613,0.2605,19.206,1,70,2
614,0.1957,20.0,1,70,2
615,1.1913,16.083,0,70,2
616,0.895,19.04,1,70,2
617,0.6724,17.783,1,70,2
618,0.5056,20.0,1,70,2
619,1.4235,20.0,1,70,2
620,1.0694,20.0,1,70,2
621,0.8034,20.0,1,70,2
622,1.6483,20.0,1,70,2
623,1.2383,18.59,1,70,2
624,0.9303,20.0,1,70,2
625,0.6996,19.216,1,70,2
626,0.5256,20.0,1,70,2
627,1.4385,16.072,0,70,2
628,1.0807,19.032,1,70,2
629,0.8127,17.793,1,70,2
630,0.6106,20.0,1,70,2
631,1.5023,15.269,0,67,2
632,1.1298,18.444,1,67,2
633,0.8488,17.335,1,67,2
634,0.6376,19.981,1,67,2
635,0.479,15.011,0,67,2
636,1.4044,18.249,1,67,2
637,1.0551,17.189,1,67,2
638,0.7926,19.871,1,67,2
639,0.5961,18.424,1,67,2
640,0.4478,17.32,1,67,2
641,1.3801,16.491,1,67,2
642,1.0368,19.347,1,67,2
643,0.7797,18.029,1,67,2
644,0.5857,20.0,1,67,2
645,0.4401,20.0,1,67,2
646,0.3309,20.0,1,67,2
647,1.2923,20.0,1,67,2
648,0.9708,20.0,1,67,2
649,1.773,20.0,1,67,2
650,1.3333,20.0,1,67,2
651,1.0017,20.0,1,67,2
652,-0.2911,19.035,1,67,2
653,-0.2189,20.0,1,67,2
654,-0.1645,19.463,1,67,2
655,-0.1236,18.1,1,67,2
656,0.9508,17.077,1,67,2
657,0.715,19.803,1,67,2
658,0.5372,18.356,1,67,2
659,0.4036,20.0,1,67,2
660,0.3035,19.083,1,67,2
661,0.228,20.0,1,67,2
662,0.1713,19.476,1,67,2
663,0.1287,20.0,1,67,2
664,1.1409,16.236,0,67,2
665,0.8571,19.155,1,67,2
666,0.6439,17.869,1,67,2
667,0.4842,20.0,1,67,2
668,0.3638,20.0,1,67,2
669,0.2733,20.0,1,67,2
670,0.2053,20.0,1,67,2
671,0.1544,16.655,0,67,2
672,2.2033,19.47,1,67,2
673,1.6553,20.0,1,67,2
674,1.2448,19.713,1,67,2
675,0.9352,20.0,1,67,2
676,0.7025,19.832,1,67,2
677,0.5278,20.0,1,67,2
678,0.3969,19.917,1,67,2
679,0.2982,18.442,1,67,2
680,0.224,20.0,1,67,2
681,1.2126,19.132,1,67,2
682,1.9546,20.0,1,67,2
683,1.4685,20.0,1,67,2
684,1.1032,20.0,1,67,2
685,0.8296,20.0,1,67,2
686,1.6669,20.0,1,67,3
687,1.2523,20.0,1,67,3
688,0.9417,20.0,1,67,3
689,0.7075,20.0,1,67,3
690,0.5315,20.0,1,67,3
691,0.3993,16.978,0,67,3
692,1.3444,19.729,1,67,3
693,1.01,18.3,1,67,3
694,0.7588,20.0,1,67,3
695,0.5706,19.052,1,67,3
696,0.4287,17.792,1,67,3
697,1.3657,16.845,1,67,3
698,1.026,19.613,1,67,3
699,0.7716,18.23,1,67,3
700,0.5797,20.0,1,67,3
701,0.4355,18.995,1,67,3
702,0.3275,20.0,1,67,3
703,0.246,19.44,1,67,3
704,1.2285,18.083,1,67,3
705,-0.1207,17.064,1,67,3
706,-0.0908,16.313,1,67,3
707,-0.0682,19.213,1,67,3
708,-0.0512,17.913,1,67,3
709,-0.0385,20.0,1,67,3
710,1.0147,20.0,1,67,3
711,0.7623,20.0,1,67,3
712,0.5727,17.817,0,67,3
713,-0.6135,16.879,1,67,3
714,0.5828,19.638,1,67,3
715,0.4378,18.232,1,67,3
716,0.3292,20.0,1,67,3
717,0.2473,19.009,1,67,3
718,0.1858,20.0,1,67,3
719,0.1396,19.434,1,67,3
720,1.1491,18.096,1,67,3
721,0.8633,17.073,1,67,3
722,0.6486,19.784,1,67,3
723,0.4877,18.359,1,67,3
724,1.4101,20.0,1,67,3
725,1.0593,20.0,1,67,3
726,0.7958,16.938,0,67,3
727,1.6426,19.699,1,67,3
728,1.234,18.278,1,67,3
729,0.9271,20.0,1,67,3
730,0.6972,20.0,1,67,3
731,1.5674,20.0,1,67,3
732,1.1775,17.937,0,67,3
733,1.9283,20.0,1,67,3
734,1.4501,20.0,1,67,3
735,1.0894,20.0,1,67,3
736,0.8184,20.0,1,67,3
737,0.6155,20.0,1,67,3
738,0.4624,20.0,1,67,3
739,0.3474,20.0,1,67,3
740,1.3046,18.565,1,67,3
741,0.9811,17.442,1,67,3
742,0.7371,20.0,1,67,3
743,0.5537,18.55,1,67,3
744,0.4164,20.0,1,67,3
745,0.3128,19.188,1,67,3
746,0.235,20.0,1,67,3
747,0.1766,19.536,1,67,3
748,1.1769,18.172,1,67,3
749,0.8842,17.131,1,67,3
750,0.6643,19.827,1,67,3
751,0.4995,18.391,1,67,3
752,0.3753,20.0,1,67,3
753,0.2819,15.607,0,67,3
754,1.2555,18.682,1,67,3
755,0.9441,17.53,1,67,3
756,-0.3344,16.648,1,67,3
757,-0.2512,19.465,1,67,3
758,-0.1889,18.119,1,67,3
759,-0.1419,20.0,1,67,3
760,0.937,15.453,0,67,3
761,0.704,18.567,1,67,3
762,0.5294,17.443,1,67,3
763,0.3977,20.0,1,67,3
764,0.2988,18.551,1,67,3
765,1.2688,17.431,1,67,3
766,0.9532,16.574,1,67,3
767,0.7161,19.409,1,67,3
768,0.538,18.06,1,67,4
769,0.4046,20.0,1,67,4
770,0.3039,18.912,1,67,4
771,1.272,17.686,1,67,4
772,0.9566,16.781,1,67,4
773,0.7186,19.565,1,67,4
774,0.5399,18.177,1,67,4
775,0.4056,20.0,1,67,4
776,0.305,18.982,1,67,4
777,1.2728,17.739,1,67,4
778,0.9562,16.806,1,67,4
779,0.7191,19.599,1,67,4
780,0.5402,18.203,1,67,4
781,-0.6378,17.154,1,67,5
782,0.5645,16.366,1,67,5
783,0.4245,15.788,1,67,5
784,0.3189,18.819,1,67,5
785,0.2396,17.617,1,67,5
786,0.1802,20.0,1,67,5
787,0.1354,15.182,0,67,5
788,1.1453,18.364,1,67,5
789,-0.1832,17.275,1,67,5
790,-0.1378,16.471,1,67,5
791,-0.1035,19.332,1,67,5
792,-0.0778,14.523,0,67,5
793,0.9857,17.883,1,67,5
794,0.7405,20.0,1,67,5
795,0.5563,18.799,1,67,5
796,0.4179,20.0,1,67,5
797,0.3143,19.333,1,67,5
798,0.2361,20.0,1,67,5
799,0.1774,16.139,0,67,5
800,1.1775,19.098,1,67,5
801,0.8846,17.826,1,67,5
802,0.6646,20.0,1,67,5
803,0.4993,20.0,1,67,5
804,0.3755,20.0,1,67,5
805,0.2821,18.662,1,67,5
806,1.2556,20.0,1,67,5
807,0.9442,19.256,1,67,5
808,0.7093,20.0,1,67,5
809,0.5329,20.0,1,67,5
810,0.4004,20.0,1,67,5
811,0.3011,20.0,1,67,5
812,-0.8175,20.0,1,67,5
813,-0.6141,18.848,1,67,5
814,-0.4618,20.0,1,67,5
815,-0.347,19.357,1,67,5
816,-0.2607,20.0,1,67,5
817,-0.1958,16.152,0,67,5
818,0.8969,19.108,1,67,5
819,-0.3699,17.834,1,67,5
820,0.7658,20.0,1,67,5
821,-0.4683,18.788,1,67,5
822,-0.3518,17.594,1,67,5
823,-0.2643,20.0,1,67,5
824,-0.1985,15.157,0,67,5
825,1.939,18.359,1,67,5
826,1.4567,20.0,1,67,5
827,1.0944,20.0,1,67,5
828,0.823,20.0,1,67,5
829,0.6183,20.0,1,67,5
830,0.4645,19.591,1,67,5
831,1.3926,18.197,1,67,5
832,1.0473,20.0,1,67,5
833,0.7868,18.989,1,67,5
834,0.5911,20.0,1,67,5
835,0.4445,19.441,1,67,5
836,1.3776,18.084,1,67,5
837,1.0349,17.065,1,67,5
838,0.7775,19.778,1,67,5
839,0.5847,20.0,1,67,5
840,0.4393,19.882,1,67,5
841,0.33,20.0,1,67,5
842,1.2923,19.945,1,67,5
843,2.0145,20.0,1,67,5
844,1.5134,20.0,1,67,5
845,1.137,20.0,1,67,5
846,0.855,20.0,1,67,5
847,0.6424,20.0,1,67,5
848,0.4826,20.0,1,67,5
849,0.3629,20.0,1,67,5
850,0.2726,20.0,1,67,5
851,0.2048,19.183,1,67,5
852,1.1975,17.89,1,67,5
853,0.9006,20.0,1,67,5
854,1.7202,20.0,1,67,5
855,1.2923,20.0,1,67,5
856,0.9718,20.0,1,67,5
857,1.7738,19.487,1,67,5
858,1.3326,18.119,1,67,5
859,1.0011,20.0,1,67,5
860,0.7528,20.0,1,67,5
861,0.5656,20.0,1,67,5
862,0.4249,18.752,1,67,5
863,1.3637,17.582,1,67,5
864,2.0681,20.0,1,67,5
865,1.5537,20.0,1,67,5
866,1.1672,20.0,1,67,5
867,0.8778,20.0,1,67,5
868,0.6594,20.0,1,67,5
869,1.5391,18.547,1,67,5
870,1.1574,20.0,1,67,5
871,0.8695,19.187,1,67,5
872,0.6532,20.0,1,67,5
873,1.5344,20.0,1,67,5
874,1.1539,20.0,1,67,5
875,0.8669,20.0,1,67,5
876,1.6949,19.789,1,67,5
877,1.2746,20.0,1,67,5
878,0.9576,20.0,1,67,5
879,0.7194,20.0,1,67,5
880,1.5841,20.0,1,67,5
881,1.1913,20.0,1,67,5
882,1.9386,20.0,1,67,5
883,1.4564,20.0,1,67,5
884,1.0952,20.0,1,67,5
885,1.8665,20.0,1,67,5
886,1.4022,20.0,1,67,5
887,1.0534,20.0,1,67,5
888,1.8363,17.245,0,67,5
889,1.3796,19.913,1,67,5
890,1.0364,18.439,1,67,5
891,0.7794,20.0,1,67,5
892,0.5855,19.126,1,67,5
893,0.4399,20.0,1,67,5
894,0.3305,20.0,1,67,5
895,0.2485,20.0,1,67,5
896,-0.8569,19.076,1,67,5
897,0.3999,17.81,1,67,5
898,0.3007,16.874,1,67,5
899,0.2259,19.634,1,67,5
900,1.2134,20.0,1,67,5
901,0.9116,20.0,1,67,5
902,0.6855,20.0,1,67,5
903,1.5586,19.238,1,67,5
904,1.171,17.932,1,67,6
905,0.8806,20.0,1,67,6
906,0.6615,20.0,1,67,6
907,0.497,20.0,1,67,6
908,0.3734,20.0,1,67,6
909,2.3691,20.0,1,67,6
910,1.7798,20.0,1,67,6
911,1.3371,20.0,1,67,6
912,1.0055,20.0,1,67,6
913,0.7554,20.0,1,67,6
914,0.5675,17.19,0,67,6
915,1.47,19.872,1,67,6
916,1.1055,18.425,1,67,6
917,0.8305,20.0,1,67,6
918,0.6239,19.105,1,67,6
919,0.4692,20.0,1,67,6
920,0.3525,19.502,1,67,6
921,0.2648,20.0,1,67,6
922,1.2426,16.234,0,67,6
923,0.9345,19.169,1,67,6
924,0.702,17.88,1,67,6
925,1.5711,20.0,1,67,6
926,1.1815,20.0,1,67,6
927,0.8876,20.0,1,67,6
928,1.7105,17.81,0,67,6
929,2.3287,20.0,1,67,6
930,1.7512,20.0,1,67,6
931,1.3156,20.0,1,67,6
932,0.9884,20.0,1,67,6
933,0.7433,20.0,1,67,6
934,0.5584,18.597,1,67,6
935,0.4195,20.0,1,67,6
936,0.3151,15.723,0,67,6
937,0.237,18.785,1,67,6
938,1.2217,20.0,1,67,6
939,-0.1258,19.308,1,67,6
940,-0.0946,18.001,1,67,6
941,2.0162,17.002,1,67,6
942,1.5147,19.731,1,67,7
943,1.1379,20.0,1,67,7
944,0.8557,19.86,1,67,7
945,0.6429,18.399,1,67,7
946,0.483,17.301,1,67,7
947,1.4074,19.972,1,67,7
948,1.0573,20.0,1,67,7
949,0.7943,19.978,1,67,7
950,0.5967,20.0,1,67,7
951,0.4488,20.0,1,67,7
952,0.3371,17.64,0,67,7
953,1.2969,20.0,1,67,7
954,0.9753,18.678,1,67,7
955,0.7327,20.0,1,67,7
956,0.5505,19.248,1,67,7
957,0.4135,20.0,1,67,7
958,0.311,16.107,0,67,7
959,1.2773,19.058,1,67,7
960,0.9596,17.796,1,67,7
961,0.7216,20.0,1,67,7
962,0.5421,18.763,1,67,7
963,0.4073,20.0,1,67,7
964,0.306,19.295,1,67,7
965,0.2301,20.0,1,67,7
966,0.1729,19.61,1,67,7
967,1.1735,18.211,1,67,7
968,0.8825,20.0,1,67,7
969,0.663,18.997,1,67,7
970,0.4981,20.0,1,67,7
971,0.3742,19.428,1,67,7
972,0.2814,20.0,1,67,7
973,0.2114,19.684,1,67,7
974,0.1588,18.267,1,58,7
975,1.1636,17.217,1,58,7
976,0.8742,19.892,1,58,7
977,0.6567,20.0,1,58,7
978,0.4934,19.933,1,58,7
979,-0.6731,18.471,1,58,7
980,0.538,17.355,1,58,7
981,0.4041,16.517,1,58,7
982,0.3039,19.382,1,58,7
983,0.2283,18.04,1,58,7
984,0.1715,20.0,1,58,7
985,0.1289,18.888,1,58,7
986,0.0969,17.684,1,58,7
987,1.1165,16.764,1,58,7
988,0.8388,19.552,1,58,7
989,0.6308,20.0,1,58,7
990,1.5175,20.0,1,58,7
991,1.1401,20.0,1,58,7
992,0.8565,20.0,1,58,7
993,1.6882,17.059,0,58,7
994,1.2683,19.773,1,58,7
995,-0.0908,18.334,1,58,7
996,-0.0683,17.268,1,58,7
997,-0.0513,19.93,1,58,7
998,-0.0385,18.452,1,58,7
999,1.0147,17.341,1,58,7
1000,0.7631,16.521,1,58,8
1001,0.5733,19.369,1,58,8
1002,0.4307,18.03,1,58,8
1003,0.3239,20.0,1,58,8
1004,0.2433,18.895,1,58,8
1005,2.2701,17.674,1,58,8
1006,1.7054,20.0,1,58,8
1007,1.2825,20.0,1,58,8
1008,0.9635,20.0,1,58,8
1009,0.7238,20.0,1,58,8
1010,0.5443,20.0,1,58,8
1011,0.4089,18.573,1,58,8
1012,0.3072,20.0,1,58,8
1013,0.2308,20.0,1,58,8
1014,0.1736,20.0,1,58,8
1015,0.1304,20.0,1,58,8
1016,1.1416,16.812,0,58,8
1017,0.8585,19.604,1,58,8
1018,0.645,20.0,1,58,8
1019,0.4845,19.77,1,58,8
1020,0.364,20.0,1,58,8
1021,0.2737,19.882,1,58,8
1022,0.2057,20.0,1,58,8
1023,1.1982,16.448,0,58,8
1024,0.901,19.33,1,58,8
1025,1.7206,20.0,1,58,8
1026,1.2926,20.0,1,58,8
1027,0.9711,20.0,1,58,8
1028,1.7744,20.0,1,58,8
1029,2.3767,18.963,0,58,8
1030,1.7855,20.0,1,58,8
1031,1.3427,19.426,1,58,8
1032,2.0524,20.0,1,58,8
1033,1.5419,20.0,1,58,8
1034,0.1147,20.0,1,58,8
1035,1.1304,20.0,1,58,8
1036,0.8492,20.0,1,58,8
1037,0.638,20.0,1,58,8
1038,1.5239,18.779,0,58,8
1039,1.1449,20.0,1,58,8
1040,0.8601,19.305,1,58,8
1041,0.6462,20.0,1,58,8
1042,0.4859,19.619,1,58,8
1043,0.3651,20.0,1,58,8
1044,0.2743,19.779,1,58,8
1045,1.2504,18.354,1,58,8
1046,0.9394,20.0,1,58,8
1047,1.7494,19.065,1,58,8
1048,1.3142,20.0,1,58,8
1049,0.9883,19.484,1,58,8
1050,0.7425,20.0,1,58,8
1051,0.5578,19.702,1,58,8
1052,1.4636,18.297,1,58,8
1053,1.0996,20.0,1,58,8
1054,0.8261,19.033,1,58,8
1055,0.6206,20.0,1,58,8
1056,0.4667,20.0,1,58,8
1057,0.3506,20.0,1,58,8
1058,0.2634,20.0,1,58,8
1059,0.1981,20.0,1,58,8
1060,0.1488,18.818,1,58,8
1061,0.1118,17.616,1,58,8
1062,1.1276,20.0,1,58,8
1063,0.848,20.0,1,58,8
1064,0.6371,20.0,1,58,8
1065,0.4786,20.0,1,58,8
1066,0.3599,20.0,1,58,8
1067,0.2704,20.0,1,58,8
1068,0.2031,20.0,1,58,8
1069,2.2399,20.0,1,58,8
1070,1.6844,20.0,1,58,8
1071,1.2655,20.0,1,58,8
1072,0.9507,20.0,1,58,8
1073,0.7149,20.0,1,58,8
1074,0.5371,20.0,1,58,8
1075,0.4035,20.0,1,58,8
1076,1.3468,16.523,0,58,8
1077,1.0128,19.387,1,58,8
1078,0.7609,18.043,1,58,8
1079,0.5716,20.0,1,58,8
1080,0.4299,18.907,1,58,8
1081,-0.7207,14.204,0,58,8
1082,0.5022,17.628,1,58,8
1083,0.3773,16.722,1,58,8
1084,0.2837,19.537,1,58,8
1085,0.2132,18.156,1,58,8
1086,0.1601,20.0,1,58,8
1087,1.1646,15.49,0,58,8
1088,0.8749,18.594,1,58,8
1089,0.6573,17.448,1,58,8
1090,0.4938,20.0,1,58,8
1091,0.3713,20.0,1,58,8
1092,0.279,16.566,0,58,8
1093,1.2532,19.403,1,58,8
1094,0.9425,20.0,1,58,8
1095,0.708,19.67,1,58,8
1096,0.5319,20.0,1,58,8
1097,0.3996,20.0,1,58,8
1098,0.3005,20.0,1,58,8
1099,0.2258,20.0,1,58,8
1100,0.1696,17.075,0,58,8
1101,1.1717,19.802,1,58,8
1102,1.9239,20.0,1,58,8
1103,1.4454,19.882,1,58,8
1104,0.0422,18.415,1,58,8
1105,0.0317,20.0,1,58,8
1106,1.0675,20.0,1,58,8
1107,0.802,20.0,1,58,8
1108,0.6031,20.0,1,58,8
1109,0.4531,20.0,1,58,8
1110,0.3404,18.701,1,58,8
1111,1.2994,20.0,1,58,8
1112,0.9771,19.278,1,58,8
1113,0.7341,20.0,1,58,8
1114,0.5515,19.586,1,58,8
1115,0.4147,20.0,1,58,8
1116,0.3116,19.774,1,58,8
1117,0.2341,20.0,1,58,8
1118,0.1759,19.866,1,58,8
1119,0.1322,20.0,1,58,8
1120,0.0993,16.453,0,58,8
1121,1.1183,19.318,1,58,8
1122,0.841,18.008,1,58,8
1123,0.6318,20.0,1,58,8
1124,1.5183,20.0,1,58,8
1125,1.1406,20.0,1,58,8
1126,0.8578,20.0,1,58,8
1127,0.6444,20.0,1,58,8
1128,0.4841,20.0,1,58,8
1129,1.4082,18.22,0,58,8
1130,2.1016,20.0,1,58,8
1131,1.5789,20.0,1,58,8
1132,1.1861,20.0,1,58,8
1133,0.892,20.0,1,58,8
1134,0.6701,20.0,1,58,8
1135,0.5034,17.309,0,58,8
1136,1.4227,19.977,1,58,8
1137,1.0689,18.487,1,58,8
1138,0.803,20.0,1,58,8
1139,0.6033,19.14,1,58,8
1140,0.4537,20.0,1,58,8
1141,0.3408,19.522,1,58,8
1142,1.2997,18.145,1,58,8
1143,0.9774,17.126,1,58,8
1144,0.7343,19.824,1,58,8
1145,0.5516,20.0,1,58,8
1146,1.4581,19.894,1,58,8
1147,1.0965,18.441,1,58,8
1148,1.8674,17.333,1,58,8
1149,1.4029,19.979,1,58,8
1150,1.055,20.0,1,58,8
1151,0.7926,19.996,1,58,8
1152,1.6391,20.0,1,58,8
1153,1.2314,19.992,1,58,8
1154,1.9702,20.0,1,58,8
1155,0.4365,20.0,1,58,8
1156,0.3279,18.506,1,58,8
1157,0.2466,20.0,1,58,8
1158,0.1853,15.685,0,58,8
1159,1.1828,18.741,1,58,8
1160,0.8886,17.558,1,58,8
1161,0.6682,20.0,1,58,8
1162,0.502,18.628,1,58,8
1163,1.4208,17.473,1,58,8
1164,1.0685,16.621,1,58,8
1165,0.8027,19.444,1,58,8
1166,0.603,18.087,1,58,8
1167,0.453,20.0,1,58,8
1168,1.3848,15.45,0,58,8
1169,1.0404,18.565,1,58,8
1170,0.7816,20.0,1,58,8
1171,0.5878,19.201,1,58,8
1172,0.4416,20.0,1,58,8
1173,1.3754,16.064,0,58,8
1174,1.0333,19.026,1,58,8
1175,0.777,17.788,1,58,8
1176,0.5838,20.0,1,58,8
1177,0.4386,18.746,1,58,8
1178,0.3298,17.577,1,58,8
1179,1.2914,16.684,1,58,8
1180,0.9702,19.492,1,58,8
1181,0.7289,18.122,1,58,8
1182,-0.496,17.109,1,58,8
1183,0.671,19.811,1,58,8
1184,0.5041,20.0,1,58,8
1185,1.4232,19.905,1,58,8
1186,1.0692,18.433,1,58,8
1187,0.8033,20.0,1,58,8
1188,0.6035,20.0,1,58,8
1189,0.4538,20.0,1,58,8
1190,0.3409,20.0,1,58,8
1191,0.2561,20.0,1,58,8
1192,0.1926,20.0,1,58,8
1193,1.1884,16.674,0,58,8
1194,0.8928,19.484,1,58,8
1195,0.6707,18.117,1,58,8
1196,0.5044,20.0,1,58,8
1197,0.3789,20.0,1,58,8
1198,0.2847,20.0,1,58,8
1199,1.2582,17.9,0,58,8
1200,0.9453,20.0,1,58,8
1201,0.7101,18.809,1,58,8
1202,0.5335,20.0,1,58,8
1203,0.4012,19.339,1,58,8
1204,0.3014,20.0,1,58,8
1205,1.2701,16.142,0,58,8
1206,0.9551,19.1,1,58,8
1207,0.7175,17.828,1,52,8
1208,0.5391,20.0,1,52,8
1209,0.405,18.768,1,52,8
1210,0.3046,20.0,1,52,8
1211,0.2288,19.311,1,52,8
1212,1.2155,17.987,1,52,8
1213,-0.13,20.0,1,52,8
1214,-0.0977,18.87,1,52,8
1215,0.9703,20.0,1,52,8
1216,0.7289,19.356,1,52,8
1217,0.5482,20.0,1,52,8
1218,0.4118,19.644,1,52,8
1219,1.353,20.0,1,52,8
1220,1.0175,20.0,1,52,8
1221,0.7644,20.0,1,52,8
1222,1.6179,18.373,0,52,8
1223,2.2591,20.0,1,52,8
1224,1.6989,20.0,1,52,8
1225,1.2763,20.0,1,52,8
1226,0.9589,20.0,1,52,8
1227,0.7211,20.0,1,52,8
1228,0.5417,20.0,1,52,8
1229,0.407,20.0,1,52,8
1230,1.3494,20.0,1,52,8
1231,2.0589,20.0,1,52,8
1232,1.5468,20.0,1,52,8
1233,1.162,20.0,1,52,8
1234,0.8739,20.0,1,52,8
1235,0.6565,20.0,1,52,8
1236,1.5369,20.0,1,52,8
1237,1.1546,18.293,0,52,8
1238,0.8683,17.237,1,52,8
1239,1.6959,19.907,1,52,8
1240,1.2741,20.0,1,52,8
1241,0.9581,19.96,1,37,8
1242,0.7198,20.0,1,37,8
1243,1.5844,16.492,0,37,8
1244,2.234,20.0,1,37,8
1245,1.68,20.0,1,37,8
1246,1.2621,20.0,1,37,8
1247,0.9482,20.0,1,37,8
1248,1.7572,20.0,1,37,8
1249,1.3201,19.561,1,37,8
1250,2.0354,18.174,1,37,8
1251,1.5291,20.0,1,37,8
1252,1.1499,18.98,1,37,8
1253,0.8639,20.0,1,37,8
1254,0.649,19.418,1,37,8
1255,1.5322,18.083,1,37,8
1256,1.1511,20.0,1,37,8
1257,0.8648,18.912,1,37,8
1258,0.6497,20.0,1,37,8
1259,0.4886,19.397,1,37,8
1260,1.4107,18.051,1,37,8
1261,1.0598,20.0,1,37,8
1262,0.797,18.911,1,37,8
1263,0.5987,20.0,1,37,8
1264,1.4935,20.0,1,37,8
1265,0.0783,20.0,1,37,8
1266,0.0589,19.011,1,37,8
1267,1.0879,17.761,1,37,8
1268,0.8173,20.0,1,37,8
1269,0.6146,18.747,1,37,8
1270,1.5054,20.0,1,37,8
1271,1.1309,20.0,1,37,8
1272,0.8496,20.0,1,37,8
1273,0.6389,20.0,1,37,8
1274,0.48,20.0,1,37,8
1275,1.4043,20.0,1,37,8
1276,1.056,18.696,1,37,8
1277,0.7934,20.0,1,37,8
1278,0.596,19.258,1,37,8
1279,0.4478,20.0,1,37,8
1280,0.3367,19.593,1,37,8
1281,0.253,20.0,1,37,8
1282,1.2337,16.285,0,37,8
1283,0.9278,19.208,1,37,8
1284,0.697,17.909,1,37,8
1285,0.5236,20.0,1,37,8
1286,0.3934,15.335,0,37,8
1287,1.34,18.493,1,37,8
1288,1.0067,17.372,1,37,8
1289,0.7563,20.0,1,37,8
1290,0.5687,18.527,1,37,8
1291,0.4273,20.0,1,37,8
1292,0.321,20.0,1,37,8
1293,0.2411,20.0,1,37,8
1294,1.2255,15.408,0,37,8
1295,0.9207,18.533,1,37,8
1296,0.6917,17.402,1,37,8
1297,0.5201,20.0,1,37,8
1298,0.3908,18.54,1,37,8
1299,0.2936,20.0,1,37,8
1300,0.2205,20.0,1,37,8
1301,0.1659,20.0,1,37,9
1302,1.1683,18.889,1,37,9
1303,0.8777,20.0,1,37,9
1304,0.66,19.384,1,37,9
1305,0.4958,20.0,1,37,9
1306,0.3725,20.0,1,37,9
1307,0.2799,20.0,1,37,9
1308,0.2105,20.0,1,37,9
1309,0.1581,20.0,1,37,9
1310,0.1188,20.0,1,37,9
1311,0.0893,20.0,1,37,9
1312,0.0671,18.721,1,37,9
1313,1.0941,17.543,1,37,9
1314,0.8219,20.0,1,37,9
1315,0.6181,18.624,1,37,9
1316,0.4644,20.0,1,37,9
1317,0.3489,19.217,1,37,9
1318,0.2623,20.0,1,37,9
1319,1.2407,16.086,0,37,9
1320,0.9321,19.043,1,37,9
1321,0.7003,20.0,1,37,9
1322,0.5266,19.471,1,37,9
1323,0.3956,20.0,1,37,9
1324,0.2972,19.695,1,37,9
1325,1.2677,18.292,1,37,9
1326,0.9523,17.221,1,37,9
1327,0.7155,19.895,1,37,9
1328,0.5375,20.0,1,37,9
1329,0.4042,19.953,1,37,9
1330,0.3037,20.0,1,37,9
1331,0.2281,19.967,1,37,9
1332,0.1716,18.496,1,37,9
1333,1.1725,17.374,1,37,9
1334,0.8809,20.0,1,37,9
1335,0.6618,18.512,1,37,9
1336,0.4977,20.0,1,37,9
1337,0.3739,19.167,1,37,9
1338,0.2809,20.0,1,37,9
1339,0.2112,19.541,1,37,9
1340,0.1587,20.0,1,37,9
1341,0.1192,19.735,1,37,9
1342,0.0896,20.0,1,37,9
1343,1.1115,16.382,0,37,9
1344,0.835,19.265,1,37,9
1345,0.6273,20.0,1,37,9
1346,0.4718,19.597,1,37,9
1347,0.3544,20.0,1,37,9
1348,0.2663,19.766,1,37,9
1349,1.2437,20.0,1,37,9
1350,0.9353,20.0,1,37,9
1351,0.7026,20.0,1,37,9
1352,0.5279,20.0,1,37,9
1353,0.397,19.942,1,37,9
1354,1.3419,20.0,1,37,9
1355,1.0081,19.961,1,37,9
1356,0.7573,20.0,1,37,9
1357,0.5695,20.0,1,37,9
1358,0.4279,20.0,1,37,9
1359,0.3214,20.0,1,37,9
1360,1.2859,20.0,1,37,9
1361,0.966,20.0,1,37,9
1362,1.7694,19.706,1,37,9
1363,1.3293,20.0,1,37,9
1364,0.9996,20.0,1,37,9
1365,1.7946,20.0,1,37,9
1366,1.3482,20.0,1,37,9
1367,1.0139,20.0,1,37,9
1368,0.7617,20.0,1,37,9
1369,0.5722,20.0,1,37,9
1370,0.4299,20.0,1,37,9
1371,0.3233,20.0,1,37,9
1372,1.2865,18.649,1,37,9
1373,2.0102,20.0,1,37,9
1374,1.5117,19.249,1,37,9
1375,1.1357,20.0,1,37,9
1376,0.8532,19.57,1,37,9
1377,-0.4027,18.181,1,37,9
1378,0.7413,20.0,1,37,9
1379,0.5569,20.0,1,37,9
1380,-0.6253,16.872,0,37,9
1381,0.574,16.169,1,37,9
1382,0.4312,19.105,1,37,9
1383,0.3239,17.831,1,37,9
1384,0.2434,20.0,1,37,9
1385,0.183,18.787,1,37,9
1386,0.1375,17.593,1,37,9
1387,0.1033,16.696,1,37,9
1388,1.1218,19.516,1,37,9
1389,-0.2009,18.141,1,37,9
1390,-0.1509,17.107,1,37,9
1391,-0.1134,19.81,1,37,9
1392,-0.0853,18.378,1,37,9
1393,-0.064,20.0,1,37,9
1394,-0.0481,19.078,1,37,9
1395,-0.0362,17.828,1,37,9
1396,1.0165,16.872,1,37,9
1397,0.7636,19.633,1,37,9
1398,0.5737,18.228,1,37,9
1399,0.4314,20.0,1,37,9
1400,-0.7195,19.007,1,37,9
1401,-0.5406,17.758,1,37,9
1402,-0.4065,20.0,1,37,9
1403,-0.3054,18.741,1,37,9
1404,0.8142,17.558,1,37,9
1405,0.6117,16.67,1,37,9
1406,0.46,19.497,1,37,9
1407,0.3456,18.126,1,37,9
1408,0.2596,20.0,1,37,9
1409,0.1952,20.0,1,37,9
1410,0.1467,20.0,1,37,9
1411,0.1102,20.0,1,37,9
1412,0.0828,20.0,1,37,9
1413,0.0623,20.0,1,37,9
1414,1.0904,16.631,0,37,9
1415,0.8192,19.452,1,37,9
1416,0.616,20.0,1,37,9
1417,0.4628,19.698,1,37,9
1418,0.3477,20.0,1,37,9
1419,0.2612,16.345,0,37,9
1420,1.2406,19.252,1,37,9
1421,0.932,17.942,1,37,9
1422,0.7002,20.0,1,37,9
1423,0.5265,20.0,1,37,9
1424,0.3956,20.0,1,37,9
1425,0.2972,18.695,1,37,9
1426,2.3106,20.0,1,37,9
1427,1.7376,19.275,1,37,9
1428,1.3054,20.0,1,37,10
1429,0.9807,19.585,1,37,10
1430,0.7375,20.0,1,37,10
1431,0.554,20.0,1,37,10
1432,0.4162,17.468,0,37,10
1433,1.3564,20.0,1,37,10
1434,1.02,20.0,1,37,10
1435,1.8099,20.0,1,37,10
1436,1.3597,20.0,1,37,10
1437,1.0225,20.0,1,37,10
1438,1.8119,17.183,0,37,10
1439,1.3612,19.866,1,37,10
1440,1.0226,20.0,1,34,10
1441,0.769,19.937,1,34,10
1442,0.5777,20.0,1,34,10
1443,0.434,19.958,1,34,10
1444,2.4147,20.0,1,34,10
1445,1.8141,19.984,1,34,10
1446,1.3628,20.0,1,34,10
1447,1.0239,19.985,1,34,10
1448,0.77,20.0,1,34,10
1449,1.6221,19.999,1,34,10
1450,2.2623,20.0,1,34,10
1451,1.7013,20.0,1,34,10
1452,1.2781,20.0,1,34,10
1453,0.9602,20.0,1,34,10
1454,0.7213,20.0,1,34,10
1455,0.5425,20.0,1,34,10
1456,0.4075,20.0,1,34,10
1457,1.3498,20.0,1,34,10
1458,1.0151,20.0,1,34,10
1459,0.7626,18.495,0,34,10
1460,1.6166,20.0,1,34,10
1461,1.2145,19.144,1,34,10
1462,0.9133,20.0,1,34,10
1463,0.6861,20.0,1,34,10
1464,1.5591,20.0,1,34,10
1465,1.1725,20.0,1,34,10
1466,1.9245,19.788,1,34,10
1467,1.4458,20.0,1,34,10
1468,1.0862,19.874,1,34,10
1469,0.8168,20.0,1,34,10
1470,0.6136,19.936,1,34,10
1471,0.461,20.0,1,34,10
1472,0.3467,19.976,1,34,10
1473,0.2605,18.486,1,34,10
1474,1.2393,17.367,1,34,10
1475,0.9311,20.0,1,34,10
1476,0.7002,18.524,1,34,10
1477,0.526,20.0,1,34,10
1478,0.3952,20.0,1,34,10
1479,2.3855,20.0,1,34,10
1480,1.7921,18.884,1,34,10
1481,1.3464,20.0,1,34,10
1482,1.0115,19.364,1,34,10
1483,-0.2835,18.043,1,34,10
1484,-0.213,20.0,1,34,10
1485,-0.16,18.889,1,34,10
1486,1.968,17.685,1,34,10
1487,1.4785,20.0,1,34,10
1488,1.1107,20.0,1,34,10
1489,0.8344,20.0,1,34,10
1490,0.6275,20.0,1,34,10
1491,0.4714,20.0,1,34,10
1492,1.3978,18.566,1,34,10
1493,1.0512,20.0,1,34,10
1494,0.7897,19.197,1,34,10
1495,0.5933,20.0,1,34,10
1496,0.4457,19.541,1,34,10
1497,0.3352,20.0,1,34,10
1498,0.2518,16.269,0,34,10
1499,1.2328,19.18,1,34,10
1500,1.9713,20.0,1,34,10
1501,1.4809,20.0,1,34,10
1502,1.1126,20.0,1,34,10
1503,0.8358,20.0,1,34,10
1504,0.6286,16.97,0,34,10
1505,1.5159,19.706,1,34,10
1506,1.1388,18.283,1,34,10
1507,0.8564,20.0,1,34,10
1508,0.6434,19.038,1,34,10
1509,0.4833,20.0,1,34,10
1510,0.3631,19.451,1,34,10
1511,0.2731,20.0,1,34,10
1512,2.2925,19.697,1,34,10
1513,1.7222,18.277,1,34,10
1514,1.2951,20.0,1,34,10
1515,0.973,20.0,1,34,10
1516,0.731,20.0,1,34,10
1517,0.5492,20.0,1,34,10
1518,0.413,16.753,0,34,10
1519,1.3539,19.544,1,34,10
1520,1.0171,20.0,1,34,10
1521,0.7649,19.754,1,34,10
1522,0.5746,20.0,1,34,10
1523,0.4317,19.855,1,34,10
1524,0.3243,20.0,1,34,10
1525,0.2439,19.93,1,34,10
1526,0.1832,20.0,1,34,10
1527,0.1377,16.475,0,34,10
1528,0.1035,19.351,1,34,10
1529,0.0778,20.0,1,34,10
1530,0.0584,19.627,1,34,10
1531,0.0439,20.0,1,34,10
1532,1.0772,20.0,1,34,10
1533,0.8092,20.0,1,34,10
1534,0.6079,20.0,1,34,10
1535,1.5013,17.079,0,34,11
1536,1.1279,19.789,1,34,11
1537,0.8473,18.345,1,34,11
1538,-0.4071,17.261,1,34,11
1539,-0.3061,19.942,1,34,11
1540,-0.23,18.46,1,34,11
1541,-0.1728,20.0,1,34,11
1542,0.9142,20.0,1,34,11
1543,0.6868,16.995,0,34,11
1544,1.5596,19.726,1,34,11
1545,1.1717,18.298,1,34,11
1546,0.8811,20.0,1,34,11
1547,0.662,19.046,1,34,11
1548,-0.5463,14.309,0,34,11
1549,-0.4109,17.721,1,34,11
1550,0.735,16.792,1,34,11
1551,0.5522,19.573,1,34,11
1552,1.4585,20.0,1,34,11
1553,1.0968,19.771,1,34,11
1554,0.824,20.0,1,34,11
1555,0.619,19.864,1,34,11
1556,0.4655,18.419,1,34,11
1557,1.3934,17.316,1,34,11
1558,1.0468,19.967,1,34,11
1559,0.7864,20.0,1,34,11
1560,0.5914,19.993,1,34,11
1561,0.4443,18.499,1,34,11
1562,1.3774,20.0,1,34,11
1563,1.0359,19.164,1,34,11
1564,0.7782,20.0,1,34,11
1565,0.5846,19.522,1,34,11
1566,0.4392,20.0,1,34,11
1567,1.3744,16.261,0,34,11
1568,1.0326,19.174,1,34,11
1569,0.7757,17.884,1,31,11
1570,0.5834,20.0,1,31,11
1571,0.4383,18.812,1,31,11
1572,1.3729,17.612,1,31,11
1573,1.0314,20.0,1,31,11
1574,1.8198,20.0,1,31,11
1575,1.3671,20.0,1,31,11
1576,-0.0166,18.59,1,31,11
1577,-0.0125,17.46,1,31,11
1578,1.0343,16.596,1,31,11
1579,0.777,19.426,1,31,11
1580,0.5837,20.0,1,31,11
1581,0.439,19.688,1,31,11
1582,1.3734,20.0,1,31,11
1583,1.0318,19.817,1,31,11
1584,1.8201,20.0,1,31,11
1585,1.3674,20.0,1,31,11
1586,1.0273,20.0,1,31,11
1587,0.7717,20.0,1,31,11
1588,0.5804,20.0,1,31,11
1589,0.436,20.0,1,31,11
1590,0.3276,20.0,1,31,11
1591,0.2463,20.0,1,31,11
1592,0.1851,20.0,1,31,11
1593,0.139,20.0,1,31,11
1594,0.1044,18.881,1,31,11
1595,1.1227,17.679,1,31,11
1596,0.8434,20.0,1,31,11
1597,1.6773,20.0,1,31,11
1598,1.2614,20.0,1,31,11
1599,0.9476,20.0,1,31,11
1600,1.7556,20.0,1,31,11
1601,1.3189,18.562,1,31,11
1602,0.9918,20.0,1,31,11
1603,0.7451,19.195,1,31,11
1604,0.5598,20.0,1,31,11
1605,1.4651,16.077,0,31,11
1606,0.057,15.557,1,31,11
1607,0.0428,18.645,1,31,11
1608,0.0322,17.486,1,31,11
1609,0.0242,20.0,1,31,11
1610,0.0182,18.587,1,31,11
1611,0.0137,17.443,1,31,11
1612,1.0544,16.598,1,31,11
1613,0.7921,19.427,1,31,11
1614,0.5951,18.074,1,31,11
1615,0.4471,20.0,1,22,11
1616,0.3362,18.924,1,22,11
1617,0.2526,20.0,1,22,11
1618,0.1898,20.0,1,22,11
1619,0.1427,17.195,0,22,11
1620,1.1509,19.876,1,22,11
1621,0.8646,18.411,1,22,11
1622,0.6495,20.0,1,22,11
1623,0.4885,19.114,1,22,11
1624,-0.6767,17.839,1,22,11
1625,0.5353,16.88,1,22,11
1626,1.4467,19.655,1,22,11
1627,1.0868,18.245,1,22,11
1628,0.8165,20.0,1,22,11
1629,0.6134,20.0,1,22,11
1630,0.4613,20.0,1,22,11
1631,-0.6971,18.795,1,22,11
1632,0.5199,17.599,1,22,11
1633,0.391,16.715,1,22,11
1634,0.2937,19.515,1,22,11
1635,0.2207,18.14,1,22,11
1636,-0.8779,17.107,1,22,11
1637,1.4281,16.345,1,22,11
1638,0.0293,15.758,1,22,11
1639,0.022,18.796,1,22,11
1640,0.0165,17.616,1,22,11
1641,0.0124,20.0,1,22,11
1642,0.0093,20.0,1,22,11
1643,0.007,20.0,1,22,11
1644,0.0053,20.0,1,22,11
1645,0.004,20.0,1,22,11
1646,1.0466,18.553,1,22,11
1647,0.7871,17.433,1,22,11
1648,0.5913,20.0,1,22,11
1649,0.4442,20.0,1,22,11
1650,0.3337,20.0,1,22,11
1651,0.251,20.0,1,22,11
1652,0.1885,20.0,1,22,11
1653,1.1853,18.52,1,22,11
1654,0.8914,17.408,1,22,11
1655,1.7133,20.0,1,22,11
1656,0.2435,20.0,1,22,11
1657,0.1829,16.535,0,22,11
1658,1.1817,19.396,1,22,11
1659,0.8878,18.05,1,22,11
1660,0.667,20.0,1,22,11
1661,0.5016,20.0,1,22,11
1662,0.3768,16.821,0,22,11
1663,1.3267,16.116,1,22,11
1664,2.0404,19.065,1,22,11
1665,0.4902,17.818,1,22,11
1666,0.3683,20.0,1,22,11
1667,1.3203,20.0,1,22,11
1668,0.9929,20.0,1,22,11
1669,1.7896,18.659,1,22,11
1670,1.3445,20.0,1,22,11
1671,1.01,19.237,1,22,11
1672,0.7596,20.0,1,22,11
1673,0.5706,19.576,1,22,11
1674,0.4287,20.0,1,22,11
1675,0.3224,19.773,1,22,11
1676,0.2422,20.0,1,22,11
1677,1.2256,20.0,1,22,11
1678,0.9208,20.0,1,22,11
1679,0.6924,20.0,1,22,11
1680,0.5202,20.0,1,22,11
1681,0.3908,18.941,1,22,11
1682,1.338,20.0,1,22,11
1683,1.0052,19.409,1,22,11
1684,0.7552,20.0,1,22,11
1685,0.5673,19.661,1,22,11
1686,0.4266,20.0,1,22,11
1687,0.3205,19.816,1,22,11
1688,1.2845,20.0,1,22,11
1689,2.0101,19.908,1,22,11
1690,1.5101,20.0,1,22,12
1691,1.1345,19.942,1,22,12
1692,0.8523,20.0,1,22,12
1693,0.6409,19.979,1,22,12
1694,1.5252,20.0,1,22,12
1695,1.1458,19.982,1,22,12
1696,1.9058,20.0,1,22,12
1697,1.4318,20.0,1,22,12
1698,1.0756,20.0,1,22,12
1699,0.8081,20.0,1,22,12
1700,1.6518,20.0,1,22,12
1701,1.241,20.0,1,22,12
1702,0.9323,20.0,1,22,12
1703,2.7894,20.0,1,22,12
1704,2.0956,20.0,1,22,12
1705,1.5743,20.0,1,22,12
1706,1.1827,20.0,1,22,12
1707,1.9336,20.0,1,22,12
1708,1.4526,20.0,1,22,12
1709,1.0913,20.0,1,22,12
1710,1.8648,20.0,1,22,12
1711,2.4446,20.0,1,22,12
1712,1.8366,20.0,1,22,12
1713,2.4234,20.0,1,22,12
1714,1.8224,20.0,1,22,12
1715,1.3691,20.0,1,22,12
1716,1.0286,20.0,1,22,12
1717,0.7735,20.0,1,22,12
1718,1.6248,18.702,1,22,12
1719,1.2206,20.0,1,22,12
1720,0.917,19.261,1,22,12
1721,0.6896,20.0,1,22,12
1722,0.5181,19.59,1,22,12
1723,0.3892,14.717,0,22,12
1724,0.2927,18.029,1,22,12
1725,1.2635,20.0,1,22,12
1726,0.9493,20.0,1,22,12
1727,0.7131,20.0,1,22,12
1728,0.5363,20.0,1,22,12
1729,1.4465,20.0,1,22,12
1730,2.1304,20.0,1,22,12
1731,1.6021,20.0,1,22,12
1732,1.2036,20.0,1,22,12
1733,0.9042,20.0,1,22,12
1734,0.6793,20.0,1,22,12
1735,1.555,20.0,1,22,12
1736,0.1246,16.907,0,22,12
1737,1.1372,19.659,1,22,12
1738,0.8552,18.265,1,22,12
1739,0.6425,20.0,1,22,12
1740,1.5263,20.0,1,22,12
1741,0.103,20.0,1,22,12
1742,1.1216,15.324,0,22,12
1743,0.8426,18.47,1,22,12
1744,0.633,17.355,1,22,12
1745,0.4761,20.0,1,22,12
1746,0.3576,18.513,1,22,12
1747,0.2687,20.0,1,22,12
1748,1.2455,20.0,1,22,12
1749,0.9366,20.0,1,22,12
1750,0.7037,20.0,1,22,12
1751,0.5286,20.0,1,22,12
1752,1.4417,18.729,1,22,12
1753,1.0831,17.549,1,22,12
1754,0.8137,20.0,1,22,12
1755,0.6113,18.611,1,22,12
1756,0.4597,20.0,1,22,12
1757,0.3454,19.223,1,22,12
1758,0.2595,20.0,1,22,12
1759,0.1951,19.573,1,22,12
1760,1.1902,18.183,1,22,12
1761,0.8942,20.0,1,22,12
1762,0.6718,20.0,1,22,12
1763,0.5052,20.0,1,22,12
1764,0.3795,20.0,1,22,12
1765,0.2851,20.0,1,22,12
1766,1.2586,18.669,1,22,12
1767,0.9455,20.0,1,22,12
1768,0.7103,19.243,1,22,12
1769,0.5336,20.0,1,22,12
1770,0.4013,19.584,1,22,12
1771,0.3015,20.0,1,22,12
1772,0.2265,19.759,1,22,12
1773,0.1703,18.34,1,22,12
1774,1.1716,17.257,1,22,12
1775,0.8802,19.922,1,22,12
1776,0.6613,18.446,1,22,12
1777,0.4973,20.0,1,22,12
1778,0.3736,19.129,1,22,12
1779,0.2807,20.0,1,22,12
1780,1.2552,16.04,0,22,12
1781,0.943,19.008,1,22,12
1782,0.7084,20.0,1,22,12
1783,0.5322,19.434,1,22,12
1784,0.4002,20.0,1,22,12
1785,0.3007,20.0,1,22,12
1786,0.2259,20.0,1,22,12
1787,0.1699,19.185,1,22,12
1788,1.1713,20.0,1,22,12
1789,0.8799,19.534,1,22,12
1790,0.6611,20.0,1,22,12
1791,0.4971,19.749,1,22,12
1792,0.3735,20.0,1,22,12
1793,0.2806,20.0,1,22,12
1794,0.211,20.0,1,22,12
1795,0.1585,20.0,1,22,12
1796,1.1627,17.094,0,22,12
1797,0.8735,19.8,1,22,12
1798,0.6569,18.37,1,22,12
1799,0.4935,20.0,1,22,12
1800,0.3708,19.074,1,22,12
1801,0.2788,20.0,1,22,12
1802,1.2531,19.484,1,22,12
1803,0.9414,18.117,1,22,12
1804,0.7073,20.0,1,22,12
1805,0.5319,20.0,1,22,12
1806,1.4432,16.85,0,22,12
1807,1.0842,19.616,1,22,12
1808,1.8595,20.0,1,22,12
1809,0.3533,19.791,1,22,12
1810,0.2654,20.0,1,22,12
1811,0.1994,20.0,1,22,12
1812,1.1941,17.563,0,22,12
1813,1.9407,20.0,1,22,12
1814,1.458,18.618,1,22,12
1815,1.0964,17.482,1,22,12
1816,-0.2199,20.0,1,22,12
1817,-0.1652,18.573,1,22,12
1818,1.9632,17.432,1,22,12
1819,1.4763,20.0,1,22,12
1820,1.1091,18.557,1,22,12
1821,-0.2104,17.42,1,22,12
1822,-0.1582,20.0,1,22,12
1823,0.9248,15.071,0,22,12
1824,0.6948,18.28,1,22,12
1825,0.5219,17.212,1,22,12
1826,0.3925,19.905,1,22,12
1827,0.2949,18.432,1,22,12
1828,0.2215,17.326,1,22,12
1829,1.2107,16.51,1,22,12
1830,0.9096,19.361,1,22,12
1831,0.6833,18.024,1,22,12
1832,0.5134,20.0,1,22,12
1833,0.3861,18.896,1,22,12
1834,1.3337,17.675,1,22,12
1835,1.0019,16.757,1,22,12
1836,0.7535,19.563,1,22,12
1837,0.5661,18.175,1,22,12
1838,0.4253,20.0,1,22,12
1839,0.3195,18.964,1,22,12
1840,1.2844,17.742,1,22,12
1841,0.9649,16.808,1,22,12
1842,0.7249,19.585,1,22,12
1843,0.5451,18.208,1,22,12
1844,0.4095,20.0,1,22,12
1845,0.3077,18.983,1,22,12
1846,2.3185,17.74,1,22,12
1847,1.7435,20.0,1,22,12
1848,1.3098,20.0,1,22,12
1849,0.984,20.0,1,22,12
1850,0.74,20.0,1,22,12
1851,0.5559,19.451,1,22,12
1852,1.4613,20.0,1,22,12
1853,1.0978,19.684,1,22,12
1854,0.8256,20.0,1,22,12
1855,0.6202,20.0,1,22,12
1856,0.466,17.51,0,22,12
1857,1.3946,20.0,1,22,12
1858,1.0477,18.601,1,22,13
1859,0.7871,20.0,1,22,13
1860,0.5913,19.204,1,22,13
1861,2.533,17.922,1,22,13
1862,1.9029,20.0,1,22,14
1863,1.4296,18.821,1,22,14
1864,1.0751,20.0,1,22,14
1865,0.8077,19.342,1,22,14
1866,1.6504,18.009,1,22,14
1867,1.2399,17.009,1,22,14
1868,0.9324,19.752,1,22,14
1869,0.7005,18.318,1,22,14
1870,0.5263,17.24,1,22,14
1871,0.3958,16.445,1,22,14
1872,1.341,19.312,1,22,14
1873,1.0074,17.988,1,22,14
1874,0.7568,20.0,1,22,14
1875,0.5692,18.875,1,22,14
1876,0.4276,20.0,1,22,14
1877,0.3212,19.359,1,22,14
1878,1.2857,18.039,1,22,14
1879,0.9659,20.0,1,22,14
1880,0.7257,18.887,1,22,14
1881,0.5452,20.0,1,22,14
1882,0.41,19.383,1,22,14
1883,0.308,20.0,1,22,14
1884,1.275,16.167,0,22,14
1885,0.9588,19.119,1,22,14
1886,0.7203,17.842,1,22,14
1887,0.5412,20.0,1,22,14
1888,0.4066,18.776,1,22,14
1889,-0.7384,14.12,0,22,14
1890,0.4889,17.565,1,22,14
1891,0.3673,16.675,1,22,14
1892,0.2762,19.501,1,22,14
1893,0.2075,18.129,1,22,14
1894,0.1559,20.0,1,22,14
1895,0.1171,18.938,1,22,14
1896,1.1322,17.722,1,22,14
1897,0.8506,16.793,1,22,14
1898,-0.4046,16.095,1,22,14
1899,-0.3043,19.064,1,22,14
1900,-0.2286,17.801,1,22,14
1901,-0.1717,20.0,1,22,14
1902,-0.129,20.0,1,22,14
1903,0.9471,16.719,0,22,14
1904,0.7115,19.518,1,22,14
1905,0.5346,18.142,1,22,14
1906,0.402,20.0,1,22,14
1907,1.3457,20.0,1,22,14
1908,1.0109,20.0,1,22,14
1909,0.7595,20.0,1,22,14
1910,1.6153,16.721,0,22,14
1911,1.2135,19.519,1,22,14
1912,0.9117,20.0,1,22,14
1913,0.6856,19.74,1,22,14
1914,0.5151,18.309,1,22,14
1915,0.3869,20.0,1,22,14
1916,1.3343,19.039,1,22,14
1917,1.0034,20.0,1,22,14
1918,0.7539,20.0,1,22,14
1919,0.5663,20.0,1,22,14
1920,0.4259,20.0,1,22,14
1921,0.32,20.0,1,22,14
1922,1.284,20.0,1,22,14
1923,0.9646,20.0,1,22,14
1924,-0.3187,17.827,0,22,14
1925,1.8479,20.0,1,22,14
1926,1.3882,18.767,1,22,14
1927,1.044,20.0,1,22,14
1928,0.7843,19.311,1,22,14
1929,0.5892,20.0,1,22,14
1930,0.4427,19.605,1,22,14
1931,0.3329,20.0,1,22,14
1932,1.2937,19.784,1,7,14
1933,0.9719,18.342,1,7,14
1934,0.7309,20.0,1,7,14
1935,0.5491,20.0,1,7,14
1936,0.4125,20.0,1,7,14
1937,0.3099,20.0,1,7,14
1938,0.2331,20.0,1,7,14
1939,0.1751,20.0,1,7,14
1940,0.1315,20.0,1,7,14
1941,1.1431,18.622,1,7,14
1942,0.8587,20.0,1,7,14
1943,0.6451,20.0,1,7,14
1944,1.5283,20.0,1,7,14
1945,1.1493,20.0,1,7,14
1946,1.9071,19.657,1,7,14
1947,1.4327,20.0,1,7,14
1948,2.1216,20.0,1,7,14
1949,1.5939,20.0,1,7,14
1950,1.1974,20.0,1,7,14
1951,0.8996,19.033,0,7,14
1952,1.7206,20.0,1,7,14
1953,1.2927,19.461,1,7,14
1954,0.9711,20.0,1,7,14
1955,0.7303,19.708,1,7,14
1956,0.5486,20.0,1,7,14
1957,0.4122,19.829,1,7,14
1958,0.3097,20.0,1,7,14
1959,0.2329,16.435,0,7,14
1960,1.2186,19.304,1,7,14
1961,0.9155,20.0,1,7,14
1962,0.6885,19.619,1,7,14
1963,0.5172,20.0,1,7,14
1964,0.3886,20.0,1,7,14
1965,0.2919,20.0,1,7,14
1966,0.2195,19.236,1,7,14
1967,2.2522,20.0,1,7,14
1968,1.692,20.0,1,7,14
1969,1.2724,20.0,1,7,14
1970,0.9559,20.0,1,7,14
1971,0.7181,20.0,1,7,14
1972,1.5832,20.0,1,7,14
1973,1.1906,20.0,1,7,14
1974,0.8944,20.0,1,7,14
1975,1.7156,20.0,1,7,14
1976,1.2902,20.0,1,7,14
1977,0.9692,20.0,1,7,14
1978,0.7282,20.0,1,7,14
1979,0.547,20.0,1,7,14
1980,1.4555,16.769,0,7,14
1981,1.0935,19.556,1,7,14
1982,0.8215,18.17,1,7,14
1983,0.6178,20.0,1,7,14
1984,0.4641,18.974,1,7,14
1985,0.3487,17.733,1,7,14
1986,1.3056,16.801,1,7,14
1987,2.026,19.596,1,7,14
1988,0.4784,18.2,1,7,14
1989,0.3594,20.0,1,7,14
1990,0.2703,18.995,1,1,14
1991,0.203,20.0,1,1,14
1992,0.1525,19.427,1,1,14
1993,0.1146,20.0,1,1,14
1994,1.1303,16.208,0,1,14
1995,0.8492,19.134,1,1,14
1996,0.638,17.853,1,1,14
1997,0.4797,20.0,1,1,14
1998,0.3604,18.795,1,1,14
1999,0.2708,20.0,1,1,14
2000,0.2034,19.314,1,1,14
2001,0.153,20.0,1,1,14
2002,1.1586,16.141,0,1,14
2003,0.8704,19.084,1,1,14
2004,0.6545,17.832,1,1,14
2005,0.4917,20.0,1,1,14
2006,0.3694,18.77,1,1,14
2007,0.2775,20.0,1,1,14
2008,0.2087,19.317,1,1,14
2009,0.1568,17.991,1,1,14
2010,1.1614,16.995,1,1,14
2011,0.8734,19.741,1,1,14
2012,0.6562,18.31,1,1,14
2013,0.493,20.0,1,1,14
2014,0.3703,15.561,0,1,14
2015,1.3227,18.663,1,1,14
2016,0.9937,17.5,1,1,14
2017,0.7465,20.0,1,1,14
2018,0.5614,18.599,1,1,14
2019,0.4217,20.0,1,1,14
2020,0.3168,19.203,1,1,14
2021,0.238,20.0,1,1,14
2022,0.179,19.562,1,1,14
2023,0.1345,20.0,1,1,14
2024,0.101,16.268,0,1,14
2025,0.076,19.195,1,1,14
2026,1.1007,17.899,1,1,14
2027,0.8269,20.0,1,1,14
2028,0.6212,18.808,1,1,14
2029,0.4672,20.0,1,1,14
2030,0.351,19.334,1,1,14
2031,0.2637,20.0,1,1,14
2032,0.1983,19.636,1,1,14
2033,0.149,20.0,1,1,14
2034,0.1119,20.0,1,1,14
2035,0.0841,20.0,1,1,14
2036,0.0632,15.761,0,1,14
2037,1.0912,18.798,1,1,14
2038,0.8197,17.601,1,1,14
2039,0.6165,20.0,1,1,14
2040,1.5068,20.0,1,1,14
2041,1.132,20.0,1,1,14
2042,0.8504,20.0,1,1,14
2043,0.6395,20.0,1,1,14
2044,1.5241,17.205,0,1,14
2045,1.145,19.883,1,1,14
2046,0.8611,18.433,1,1,14
2047,0.6469,20.0,1,1,14
2048,0.486,20.0,1,1,14
2049,0.3651,20.0,1,1,14
2050,1.3187,18.858,1,1,14
2051,2.0343,20.0,1,1,14
2052,1.5283,19.349,1,1,14
2053,1.1493,20.0,1,1,14
2054,0.8634,19.64,1,1,14
2055,0.6487,20.0,1,1,14
2056,0.4873,19.791,1,1,14
2057,0.3665,14.883,0,1,14
2058,1.319,18.139,1,1,14
2059,0.9909,20.0,1,1,14
2060,0.7452,18.96,1,1,14
2061,0.5598,20.0,1,1,14
2062,0.4206,19.407,1,1,14
2063,1.3596,18.059,1,1,14
2064,1.0224,17.061,1,1,14
2065,0.7681,19.775,1,1,14
2066,0.5771,18.335,1,1,14
2067,0.434,20.0,1,1,14
2068,0.326,19.067,1,1,14
2069,1.2886,17.803,1,1,14
2070,0.9681,16.854,1,1,14
2071,0.728,19.635,1,1,14
2072,0.5469,18.23,1,1,14
2073,0.4109,20.0,1,1,14
2074,0.309,19.012,1,1,14
2075,0.2321,20.0,1,1,14
2076,0.1744,19.436,1,1,14
2077,0.131,20.0,1,1,14
2078,0.0985,19.693,1,1,14
2079,0.074,20.0,1,1,14
2080,0.0556,20.0,1,1,14
2081,2.1301,20.0,1,1,14
2082,1.6003,20.0,1,1,14
2083,1.2022,20.0,1,1,14
2084,0.9032,20.0,1,1,14
2085,1.7234,20.0,1,1,14
2086,1.2947,20.0,1,1,15
2087,0.9727,19.53,1,1,15
2088,1.7756,20.0,1,1,15
2089,1.3339,19.742,1,1,15
2090,2.0458,20.0,1,1,15
2091,1.5369,20.0,1,1,15
2092,1.1558,20.0,1,1,15
2093,0.8683,19.272,1,1,15
2094,0.6523,17.958,1,1,15
2095,0.4906,16.985,1,1,15
2096,0.3685,19.718,1,1,15
2097,0.2769,18.292,1,1,15
2098,0.208,20.0,1,1,15
2099,0.1564,20.0,1,1,15
2100,0.1175,20.0,1,1,15
2101,0.0883,20.0,1,1,15
2102,1.1105,20.0,1,1,15
2103,1.878,20.0,1,1,15
2104,1.4108,20.0,1,1,15
2105,1.0599,20.0,1,1,15
2106,0.7971,20.0,1,1,15
2107,0.5988,20.0,1,1,15
2108,0.4499,20.0,1,1,15
2109,2.4266,19.753,1,1,15
2110,1.823,20.0,1,1,15
2111,0.3259,20.0,1,1,15
2112,1.2885,20.0,1,1,15
2113,0.969,20.0,1,1,15
2114,0.728,20.0,1,1,16
2115,-0.4968,20.0,1,1,16
2116,-0.3736,19.687,1,1,16
2117,-0.2807,20.0,1,1,16
2118,0.8328,16.339,0,1,16
2119,1.6693,20.0,1,1,16
2120,1.2553,20.0,1,1,16
2121,0.9431,20.0,1,1,16
2122,0.7085,20.0,1,1,16
2123,0.5328,18.754,1,1,16
2124,-0.6434,20.0,1,1,16
2125,-0.4833,19.29,1,1,16
2126,0.6805,17.971,1,1,16
2127,0.5118,16.995,1,1,16
2128,0.3845,19.725,1,1,16
2129,0.2888,18.298,1,1,16
2130,0.2172,20.0,1,1,16
2131,0.1632,19.046,1,1,16
2132,0.1226,20.0,1,1,16
2133,0.0921,19.455,1,1,16
2134,1.1134,18.111,1,1,16
2135,0.8365,17.085,1,1,16
2136,0.6284,19.793,1,1,16
2137,0.4726,18.365,1,1,16
2138,0.355,20.0,1,1,16
2139,0.2667,19.071,1,1,16
2140,0.2004,20.0,1,1,16
2141,0.1507,16.007,0,1,16
2142,1.1569,18.983,1,1,16
2143,0.8691,17.74,1,1,16
2144,0.6536,20.0,1,1,16
2145,0.491,18.731,1,1,16
2146,0.3689,20.0,1,1,16
2147,0.2771,19.277,1,1,16
2148,1.2526,17.977,1,1,16
2149,0.941,16.985,1,1,16
2150,0.7069,19.718,1,1,16
2151,0.5316,18.308,1,1,16
2152,0.3994,20.0,1,1,16
2153,0.3,19.039,1,1,16
2154,1.2691,17.782,1,1,16
2155,0.9544,16.853,1,1,16
2156,0.717,19.619,1,1,16
2157,0.5386,18.218,1,1,16
2158,0.4051,20.0,1,1,16
2159,0.3043,19.001,1,1,16
2160,0.2286,20.0,1,-2,16
