candidate_id,knockout_neurons,game_seed,survival_tics,survival_seconds,died,turn_output,move_output,fire_output,turning_fraction,movement_fraction,firing_fraction,distance_moved,kills,min_health,intact_survival_tics,survival_ratio
0,,1,1265,36.143,True,1077.293,24219.299,1189,0.9992,1.0,0.9399,6499.6,6,-5,1265,1.0
0,,2,2641,75.457,True,2205.757,50782.296,2476,0.9996,1.0,0.9375,13930.4,18,-8,2641,1.0
0,,3,3315,94.714,True,2697.301,63679.833,3120,0.9997,1.0,0.9412,17334.0,25,-2,3315,1.0
0,,4,2457,70.2,True,2045.101,47175.369,2307,0.9996,1.0,0.9389,12917.0,11,-5,2457,1.0
0,,5,1979,56.543,True,1649.67,38035.842,1869,0.9995,1.0,0.9444,10319.4,13,-2,1979,1.0
0,,6,1495,42.714,True,1274.744,28647.754,1395,0.9993,1.0,0.9331,7840.1,9,-8,1495,1.0
0,,7,3382,96.629,True,2751.94,64996.245,3165,0.9997,1.0,0.9358,17633.7,24,-5,3382,1.0
0,,41027,2025,57.857,True,1692.642,38916.975,1906,0.9995,1.0,0.9412,10743.4,12,-5,2025,1.0
1,14539+78122,1,2682,76.629,True,2200.828,51586.649,2534,0.9996,1.0,0.9448,14147.7,22,-2,1265,2.12
1,14539+78122,2,3611,103.171,True,2923.552,69378.949,3400,0.9997,1.0,0.9416,18692.9,22,-5,2641,1.367
1,14539+78122,3,5178,147.943,True,4264.637,99366.432,4855,0.9998,1.0,0.9376,27154.2,42,-8,3315,1.562
1,14539+78122,4,2753,78.657,True,2266.274,52857.613,2572,0.9996,1.0,0.9343,14283.6,19,-5,2457,1.12
1,14539+78122,5,1963,56.086,True,1636.697,37534.351,1835,0.9995,1.0,0.9348,10248.7,13,-5,1979,0.992
1,14539+78122,6,1353,38.657,True,1167.926,26001.089,1278,0.9993,1.0,0.9446,7167.5,9,-2,1495,0.905
1,14539+78122,7,2396,68.457,True,1995.503,45999.355,2254,0.9996,1.0,0.9407,12574.5,14,-8,3382,0.708
1,14539+78122,41027,1781,50.886,True,1483.644,34225.125,1667,0.9994,1.0,0.936,9325.8,9,-11,2025,0.88
2,40669+41141,1,2227,63.629,True,1831.617,42685.496,2084,0.9996,1.0,0.9358,11567.0,16,-8,1265,1.76
2,40669+41141,2,3675,105.0,True,2988.006,70702.756,3445,0.9997,1.0,0.9374,19221.0,24,-11,2641,1.392
2,40669+41141,3,2729,77.971,True,2258.907,52295.558,2550,0.9996,1.0,0.9344,14235.7,18,-8,3315,0.823
2,40669+41141,4,2918,83.371,True,2400.852,56105.761,2751,0.9997,1.0,0.9428,15365.4,22,-2,2457,1.188
2,40669+41141,5,2003,57.229,True,1679.336,38452.951,1878,0.9995,1.0,0.9376,10437.9,12,-5,1979,1.012
2,40669+41141,6,1468,41.943,True,1240.656,28098.297,1398,0.9993,1.0,0.9523,7609.8,9,-11,1495,0.982
2,40669+41141,7,1289,36.829,True,1083.916,24768.997,1209,0.9992,1.0,0.9379,6565.2,8,-5,3382,0.381
2,40669+41141,41027,1314,37.543,True,1100.579,25259.308,1242,0.9992,1.0,0.9452,6822.9,7,-2,2025,0.649
3,14449+63225,1,1829,52.257,True,1527.593,35153.927,1726,0.9995,1.0,0.9437,9598.5,10,-2,1265,1.446
3,14449+63225,2,3479,99.4,True,2863.555,66690.221,3246,0.9997,1.0,0.933,18097.6,26,-11,2641,1.317
3,14449+63225,3,4398,125.657,True,3577.587,84680.008,4122,0.9998,1.0,0.9372,22977.2,33,-14,3315,1.327
3,14449+63225,4,3838,109.657,True,3120.135,73698.968,3614,0.9997,1.0,0.9416,19954.4,29,-5,2457,1.562
3,14449+63225,5,1721,49.171,True,1455.379,32946.648,1615,0.9994,1.0,0.9384,8951.5,10,-5,1979,0.87
3,14449+63225,6,1874,53.543,True,1571.766,35936.696,1766,0.9995,1.0,0.9424,9621.7,16,-5,1495,1.254
3,14449+63225,7,2226,63.6,True,1835.653,42658.467,2077,0.9996,1.0,0.9331,11566.7,15,-2,3382,0.658
3,14449+63225,41027,2133,60.943,True,1789.225,40933.162,2009,0.9995,1.0,0.9419,11293.5,12,-14,2025,1.053
4,14676+46901,1,2160,61.714,True,1786.329,41484.58,2030,0.9995,1.0,0.9398,11101.1,16,-2,1265,1.708
4,14676+46901,2,3287,93.914,True,2705.796,63112.773,3073,0.9997,1.0,0.9349,17015.5,24,-11,2641,1.245
4,14676+46901,3,2698,77.086,True,2232.074,51813.44,2534,0.9996,1.0,0.9392,14086.3,20,-2,3315,0.814
4,14676+46901,4,3233,92.371,True,2662.114,62244.019,3039,0.9997,1.0,0.94,17049.3,19,-8,2457,1.316
4,14676+46901,5,1977,56.486,True,1643.209,38053.748,1858,0.9995,1.0,0.9398,10343.9,9,-2,1979,0.999
4,14676+46901,6,1146,32.743,True,946.581,21898.279,1077,0.9991,1.0,0.9398,5592.2,7,-2,1495,0.767
4,14676+46901,7,1860,53.143,True,1549.866,35786.908,1751,0.9995,1.0,0.9414,9662.7,11,-2,3382,0.55
4,14676+46901,41027,2070,59.143,True,1762.307,39763.833,1943,0.9995,1.0,0.9386,11002.8,13,-2,2025,1.022
5,69912+75470,1,2339,66.829,True,1929.721,44915.33,2208,0.9996,1.0,0.944,12218.8,18,-5,1265,1.849
5,69912+75470,2,2472,70.629,True,2059.876,47413.164,2307,0.9996,1.0,0.9333,13001.9,16,-8,2641,0.936
5,69912+75470,3,3297,94.2,True,2702.483,63222.028,3088,0.9997,1.0,0.9366,17203.0,21,-5,3315,0.995
5,69912+75470,4,3422,97.771,True,2799.737,65780.478,3207,0.9997,1.0,0.9372,17965.9,25,-5,2457,1.393
5,69912+75470,5,1779,50.829,True,1511.37,34252.991,1670,0.9994,1.0,0.9387,9332.7,11,-2,1979,0.899
5,69912+75470,6,1942,55.486,True,1597.209,37263.575,1803,0.9995,1.0,0.9284,10162.1,14,-8,1495,1.299
5,69912+75470,7,1214,34.686,True,1021.046,23349.996,1142,0.9992,1.0,0.9407,6213.2,9,-8,3382,0.359
5,69912+75470,41027,1583,45.229,True,1324.706,30457.251,1502,0.9994,1.0,0.9488,8279.7,7,-5,2025,0.782
6,46168+82185,1,2589,73.971,True,2179.232,49690.2,2422,0.9996,1.0,0.9355,13636.2,19,-8,1265,2.047
6,46168+82185,2,2841,81.171,True,2322.182,54477.617,2655,0.9996,1.0,0.9345,14679.2,21,-5,2641,1.076
6,46168+82185,3,4504,128.686,True,3657.854,86594.053,4214,0.9998,1.0,0.9356,23433.8,34,-2,3315,1.359
6,46168+82185,4,2064,58.971,True,1730.631,39624.621,1937,0.9995,1.0,0.9385,10744.8,16,-11,2457,0.84
6,46168+82185,5,2006,57.314,True,1696.899,38471.748,1875,0.9995,1.0,0.9347,10540.2,14,-2,1979,1.014
6,46168+82185,6,2005,57.286,True,1680.985,38459.927,1884,0.9995,1.0,0.9397,10534.3,14,-2,1495,1.341
6,46168+82185,7,3126,89.314,True,2571.103,60099.961,2926,0.9997,1.0,0.936,16451.4,18,-8,3382,0.924
6,46168+82185,41027,3616,103.314,True,2973.659,69481.895,3385,0.9997,1.0,0.9361,18989.3,26,-11,2025,1.786
7,42151+113834,1,1883,53.8,True,1562.919,36198.656,1779,0.9995,1.0,0.9448,9846.0,11,-2,1265,1.489
7,42151+113834,2,2449,69.971,True,2007.184,47068.653,2293,0.9996,1.0,0.9363,12679.1,18,-11,2641,0.927
7,42151+113834,3,2770,79.143,True,2295.972,53139.323,2599,0.9996,1.0,0.9383,14528.6,19,-5,3315,0.836
7,42151+113834,4,1717,49.057,True,1431.96,32938.743,1604,0.9994,1.0,0.9342,8991.4,12,-5,2457,0.699
7,42151+113834,5,1687,48.2,True,1396.345,32225.784,1570,0.9994,1.0,0.9306,8679.8,11,-2,1979,0.852
7,42151+113834,6,1880,53.714,True,1552.905,36021.095,1766,0.9995,1.0,0.9394,9558.9,14,-14,1495,1.258
7,42151+113834,7,1422,40.629,True,1216.175,27333.398,1340,0.9993,1.0,0.9423,7434.3,10,-5,3382,0.42
7,42151+113834,41027,2171,62.029,True,1798.386,41578.103,2028,0.9995,1.0,0.9341,11221.6,15,-2,2025,1.072
8,20114+33866,1,2112,60.343,True,1785.574,40528.946,1981,0.9995,1.0,0.938,11092.3,13,-11,1265,1.67
8,20114+33866,2,3725,106.429,True,3013.536,71470.556,3496,0.9997,1.0,0.9385,19257.9,25,-2,2641,1.41
8,20114+33866,3,3744,106.971,True,3109.552,71938.159,3512,0.9997,1.0,0.938,19660.9,28,-8,3315,1.129
8,20114+33866,4,1917,54.771,True,1590.674,36823.218,1806,0.9995,1.0,0.9421,9928.6,11,-2,2457,0.78
8,20114+33866,5,3526,100.743,True,2875.487,67692.24,3297,0.9997,1.0,0.9351,18465.0,23,-2,1979,1.782
8,20114+33866,6,1699,48.543,True,1443.495,32613.133,1584,0.9994,1.0,0.9323,8939.4,13,-2,1495,1.136
8,20114+33866,7,2215,63.286,True,1809.13,42530.346,2080,0.9995,1.0,0.9391,11219.4,18,-2,3382,0.655
8,20114+33866,41027,1604,45.829,True,1359.8,30895.77,1506,0.9994,1.0,0.9389,8317.5,9,-2,2025,0.792
9,55812+81043,1,2055,58.714,True,1733.835,39383.078,1925,0.9995,1.0,0.9367,10577.7,12,-2,1265,1.625
9,55812+81043,2,3935,112.429,True,3211.172,75521.443,3709,0.9997,1.0,0.9426,20673.8,29,-5,2641,1.49
9,55812+81043,3,2463,70.371,True,2079.887,47155.797,2305,0.9996,1.0,0.9359,12001.2,17,-20,3315,0.743
9,55812+81043,4,3276,93.6,True,2696.99,62761.639,3048,0.9997,1.0,0.9304,17205.0,19,-5,2457,1.333
9,55812+81043,5,1724,49.257,True,1421.617,33067.772,1615,0.9994,1.0,0.9368,8953.3,13,-5,1979,0.871
9,55812+81043,6,1854,52.971,True,1543.539,35476.94,1727,0.9995,1.0,0.9315,9527.1,14,-8,1495,1.24
9,55812+81043,7,4222,120.629,True,3457.81,81168.97,3959,0.9998,1.0,0.9377,22243.7,33,-2,3382,1.248
9,55812+81043,41027,2141,61.171,True,1776.775,41122.61,2016,0.9995,1.0,0.9416,11200.6,14,-2,2025,1.057
10,47937+103492,1,2037,58.2,True,1679.636,39094.69,1909,0.9995,1.0,0.9372,10580.5,12,-5,1265,1.61
10,47937+103492,2,3791,108.314,True,3113.141,72713.367,3549,0.9997,1.0,0.9362,19668.8,26,-5,2641,1.435
10,47937+103492,3,3206,91.6,True,2609.198,61614.056,2985,0.9997,1.0,0.9311,16730.1,23,-5,3315,0.967
10,47937+103492,4,2175,62.143,True,1810.323,41750.58,2039,0.9995,1.0,0.9375,11372.1,16,-2,2457,0.885
10,47937+103492,5,1747,49.914,True,1477.982,33561.027,1641,0.9994,1.0,0.9393,9160.0,11,-5,1979,0.883
10,47937+103492,6,1236,35.314,True,1026.381,23607.411,1156,0.9992,1.0,0.9353,6162.1,7,-8,1495,0.827
10,47937+103492,7,2236,63.886,True,1846.96,42978.801,2093,0.9996,1.0,0.936,11660.6,17,-8,3382,0.661
10,47937+103492,41027,3473,99.229,True,2866.105,66783.792,3265,0.9997,1.0,0.9401,18242.9,26,-2,2025,1.715
11,22044+42151,1,1894,54.114,True,1592.857,36401.472,1785,0.9995,1.0,0.9424,9851.1,12,-2,1265,1.497
11,22044+42151,2,4655,133.0,True,3831.183,89488.141,4379,0.9998,1.0,0.9407,24523.1,39,-8,2641,1.763
11,22044+42151,3,3524,100.686,True,2883.958,67852.369,3302,0.9997,1.0,0.937,18356.2,28,-2,3315,1.063
11,22044+42151,4,5587,159.629,True,4497.723,107440.407,5239,0.9998,1.0,0.9377,29077.0,46,-2,2457,2.274
11,22044+42151,5,1945,55.571,True,1624.958,37168.639,1820,0.9995,1.0,0.9357,10142.0,12,-2,1979,0.983
11,22044+42151,6,2623,74.943,True,2169.515,50341.944,2446,0.9996,1.0,0.9325,13839.6,19,-11,1495,1.755
11,22044+42151,7,1950,55.714,True,1633.863,37446.853,1844,0.9995,1.0,0.9456,10292.2,14,-2,3382,0.577
11,22044+42151,41027,1336,38.171,True,1117.634,25692.986,1249,0.9993,1.0,0.9349,6893.6,6,-11,2025,0.66
12,48513+215999,1,2596,74.171,True,2138.299,49735.244,2407,0.9996,1.0,0.9272,13477.5,18,-5,1265,2.052
12,48513+215999,2,4118,117.657,True,3390.112,78775.778,3849,0.9998,1.0,0.9347,21451.8,33,-14,2641,1.559
12,48513+215999,3,2832,80.914,True,2358.903,54132.401,2651,0.9996,1.0,0.9361,14795.9,21,-8,3315,0.854
12,48513+215999,4,2299,65.686,True,1907.472,44088.187,2166,0.9996,1.0,0.9421,12032.2,15,-2,2457,0.936
12,48513+215999,5,1351,38.6,True,1148.867,25866.496,1260,0.9993,1.0,0.9326,6966.7,7,-5,1979,0.683
12,48513+215999,6,1131,32.314,True,941.518,21628.348,1052,0.9991,1.0,0.9302,5548.1,6,-8,1495,0.757
12,48513+215999,7,2188,62.514,True,1809.932,41877.749,2043,0.9995,1.0,0.9337,11398.6,15,-8,3382,0.647
12,48513+215999,41027,3631,103.743,True,2970.173,69703.073,3408,0.9997,1.0,0.9386,19034.3,28,-11,2025,1.793
13,107204+130404,1,3288,93.943,True,2702.407,63185.225,3087,0.9997,1.0,0.9389,17213.4,25,-8,1265,2.599
13,107204+130404,2,2149,61.4,True,1802.436,41272.983,2024,0.9995,1.0,0.9418,11278.3,14,-5,2641,0.814
13,107204+130404,3,5554,158.686,True,4521.309,106813.561,5195,0.9998,1.0,0.9354,29223.4,42,-2,3315,1.675
13,107204+130404,4,1686,48.171,True,1406.705,32378.167,1584,0.9994,1.0,0.9395,8576.5,12,-5,2457,0.686
13,107204+130404,5,1743,49.8,True,1462.103,33527.574,1644,0.9994,1.0,0.9432,8941.5,13,-5,1979,0.881
13,107204+130404,6,1398,39.943,True,1200.756,26884.212,1307,0.9993,1.0,0.9349,7365.6,10,-2,1495,0.935
13,107204+130404,7,1104,31.543,True,955.733,21170.331,1034,0.9991,1.0,0.9366,5650.8,5,-2,3382,0.326
13,107204+130404,41027,1496,42.743,True,1259.599,28491.182,1393,0.9993,1.0,0.9311,7405.1,13,-2,2025,0.739
14,19123+54432,1,2258,64.514,True,1873.179,43267.517,2109,0.9996,1.0,0.934,11619.9,14,-5,1265,1.785
14,19123+54432,2,2441,69.743,True,2036.662,46863.906,2301,0.9996,1.0,0.9426,12402.6,20,-8,2641,0.924
14,19123+54432,3,4125,117.857,True,3372.3,79116.155,3857,0.9998,1.0,0.935,21484.0,31,-2,3315,1.244
14,19123+54432,4,3130,89.429,True,2586.998,60070.181,2931,0.9997,1.0,0.9364,16477.0,21,-2,2457,1.274
14,19123+54432,5,1871,53.457,True,1563.966,35958.122,1769,0.9995,1.0,0.9455,9803.7,13,-8,1979,0.945
14,19123+54432,6,1364,38.971,True,1152.033,26060.46,1273,0.9993,1.0,0.9333,7115.7,8,-2,1495,0.912
14,19123+54432,7,2145,61.286,True,1779.182,41103.261,2019,0.9995,1.0,0.9413,11240.5,17,-8,3382,0.634
14,19123+54432,41027,1452,41.486,True,1204.753,27796.201,1361,0.9993,1.0,0.9373,7335.2,8,-11,2025,0.717
15,32533+63496,1,2203,62.943,True,1818.056,42261.601,2065,0.9995,1.0,0.9374,11363.6,14,-11,1265,1.742
15,32533+63496,2,2294,65.543,True,1914.265,44045.047,2147,0.9996,1.0,0.9359,11986.0,14,-11,2641,0.869
15,32533+63496,3,3088,88.229,True,2542.965,59231.197,2906,0.9997,1.0,0.9411,16166.4,23,-2,3315,0.932
15,32533+63496,4,2330,66.571,True,1938.54,44870.794,2202,0.9996,1.0,0.9451,12271.6,15,-5,2457,0.948
15,32533+63496,5,1905,54.429,True,1585.833,36571.582,1787,0.9995,1.0,0.9381,9948.5,11,-8,1979,0.963
15,32533+63496,6,1608,45.943,True,1334.807,30909.803,1499,0.9994,1.0,0.9322,8351.0,12,-5,1495,1.076
15,32533+63496,7,2367,67.629,True,1997.091,45529.813,2219,0.9996,1.0,0.9375,12469.0,17,-2,3382,0.7
15,32533+63496,41027,2102,60.057,True,1750.324,40376.032,1976,0.9995,1.0,0.9401,11042.3,14,-2,2025,1.038
16,41813+539307,1,1212,34.629,True,996.041,23887.656,1170,0.9992,1.0,0.9653,6281.4,5,-2,1265,0.958
16,41813+539307,2,4941,141.171,True,3868.82,97472.46,4789,0.9998,1.0,0.9692,25486.4,34,-2,2641,1.871
16,41813+539307,3,4686,133.886,True,3679.022,92561.491,4525,0.9998,1.0,0.9656,24280.3,35,-14,3315,1.414
16,41813+539307,4,1916,54.743,True,1518.523,37706.742,1844,0.9995,1.0,0.9624,9634.8,11,-8,2457,0.78
16,41813+539307,5,1919,54.829,True,1550.307,37768.611,1856,0.9995,1.0,0.9672,9872.2,15,-2,1979,0.97
16,41813+539307,6,2621,74.886,True,2062.512,51623.649,2528,0.9996,1.0,0.9645,13467.8,20,-2,1495,1.753
16,41813+539307,7,2023,57.8,True,1563.727,39797.916,1962,0.9995,1.0,0.9698,10059.1,13,-11,3382,0.598
16,41813+539307,41027,1961,56.029,True,1575.266,38673.771,1884,0.9995,1.0,0.9607,10222.5,14,-5,2025,0.968
17,59615+80443,1,1760,50.286,True,1428.211,33697.688,1646,0.9994,1.0,0.9352,8861.0,11,-11,1265,1.391
17,59615+80443,2,3292,94.057,True,2706.448,63335.542,3093,0.9997,1.0,0.9396,17254.7,24,-17,2641,1.246
17,59615+80443,3,2393,68.371,True,1965.582,46028.664,2236,0.9996,1.0,0.9344,12417.1,16,-5,3315,0.722
17,59615+80443,4,2433,69.514,True,2017.142,46792.686,2285,0.9996,1.0,0.9392,12808.4,18,-5,2457,0.99
17,59615+80443,5,1657,47.343,True,1396.528,31703.819,1557,0.9994,1.0,0.9396,8508.9,10,-5,1979,0.837
17,59615+80443,6,1826,52.171,True,1539.368,35022.123,1705,0.9995,1.0,0.9337,9577.5,15,-5,1495,1.221
17,59615+80443,7,2086,59.6,True,1750.533,40171.266,1962,0.9995,1.0,0.9406,10966.4,14,-5,3382,0.617
17,59615+80443,41027,2492,71.2,True,2061.379,47844.491,2329,0.9996,1.0,0.9346,12960.2,17,-5,2025,1.231
18,20701+33426,1,2924,83.543,True,2415.059,56141.526,2746,0.9997,1.0,0.9391,15313.4,18,-8,1265,2.311
18,20701+33426,2,3342,95.486,True,2735.456,64087.87,3115,0.9997,1.0,0.9321,17509.6,22,-2,2641,1.265
18,20701+33426,3,4039,115.4,True,3309.206,77591.603,3816,0.9998,1.0,0.9448,21012.5,30,-5,3315,1.218
18,20701+33426,4,3006,85.886,True,2464.191,57772.132,2833,0.9997,1.0,0.9424,15713.1,17,-8,2457,1.223
18,20701+33426,5,2468,70.514,True,2056.162,47236.627,2303,0.9996,1.0,0.9331,12804.2,18,-2,1979,1.247
18,20701+33426,6,1714,48.971,True,1468.17,32935.771,1618,0.9994,1.0,0.944,9105.3,10,-5,1495,1.146
18,20701+33426,7,3567,101.914,True,2918.602,68448.649,3358,0.9997,1.0,0.9414,18686.1,24,-5,3382,1.055
18,20701+33426,41027,2889,82.543,True,2351.897,55481.259,2710,0.9997,1.0,0.938,15016.2,18,-14,2025,1.427
19,12684+45094,1,2673,76.371,True,2192.014,51360.784,2508,0.9996,1.0,0.9383,13899.1,18,-8,1265,2.113
19,12684+45094,2,2361,67.457,True,1929.673,45085.321,2201,0.9996,1.0,0.9322,11878.1,15,-8,2641,0.894
19,12684+45094,3,5108,145.943,True,4160.83,98234.126,4796,0.9998,1.0,0.9389,26948.1,38,-2,3315,1.541
19,12684+45094,4,3469,99.114,True,2866.705,66503.82,3231,0.9997,1.0,0.9314,18005.9,25,-5,2457,1.412
19,12684+45094,5,1688,48.229,True,1404.288,32281.809,1571,0.9994,1.0,0.9307,8596.3,12,-2,1979,0.853
19,12684+45094,6,1470,42.0,True,1242.304,28283.127,1378,0.9993,1.0,0.9374,7677.9,11,-2,1495,0.983
19,12684+45094,7,1969,56.257,True,1652.466,37841.395,1863,0.9995,1.0,0.9462,10364.0,12,-2,3382,0.582
19,12684+45094,41027,1293,36.943,True,1102.667,24859.031,1206,0.9992,1.0,0.9327,6848.4,7,-2,2025,0.639
20,18467+72022,1,2290,65.429,True,1921.302,43990.492,2148,0.9996,1.0,0.938,11860.6,15,-8,1265,1.81
20,18467+72022,2,1705,48.714,True,1422.135,32861.861,1591,0.9994,1.0,0.9331,8882.8,8,-5,2641,0.646
20,18467+72022,3,4284,122.4,True,3500.52,82285.584,4001,0.9998,1.0,0.9339,22504.3,30,-14,3315,1.292
20,18467+72022,4,2512,71.771,True,2063.45,48308.391,2365,0.9996,1.0,0.9415,13161.4,16,-5,2457,1.022
20,18467+72022,5,2167,61.914,True,1811.07,41736.864,2044,0.9995,1.0,0.9432,11305.3,12,-14,1979,1.095
20,18467+72022,6,2673,76.371,True,2179.44,51364.327,2518,0.9996,1.0,0.942,13903.1,21,-11,1495,1.788
20,18467+72022,7,2419,69.114,True,2028.978,46457.013,2274,0.9996,1.0,0.9401,12727.1,15,-5,3382,0.715
20,18467+72022,41027,1593,45.514,True,1313.881,30596.529,1486,0.9994,1.0,0.9328,8088.7,10,-2,2025,0.787
21,72407+518259,1,1982,56.629,True,1648.184,38081.085,1866,0.9995,1.0,0.9415,10398.1,12,-8,1265,1.567
21,72407+518259,2,2520,72.0,True,2110.049,48085.58,2338,0.9996,1.0,0.9278,12673.2,19,-8,2641,0.954
21,72407+518259,3,3393,96.943,True,2797.781,65164.049,3182,0.9997,1.0,0.9378,17823.5,25,-14,3315,1.024
21,72407+518259,4,2731,78.029,True,2243.356,52477.103,2568,0.9996,1.0,0.9403,14229.0,20,-2,2457,1.112
21,72407+518259,5,2154,61.543,True,1789.416,41290.921,2023,0.9995,1.0,0.9392,11284.5,14,-5,1979,1.088
21,72407+518259,6,1835,52.429,True,1528.921,35282.819,1724,0.9995,1.0,0.9395,9413.7,14,-5,1495,1.227
21,72407+518259,7,2908,83.086,True,2412.911,55868.362,2731,0.9997,1.0,0.9391,15410.7,20,-11,3382,0.86
21,72407+518259,41027,3118,89.086,True,2562.602,59815.543,2942,0.9997,1.0,0.9436,16313.4,22,-8,2025,1.54
22,38560+535355,1,1102,31.486,True,978.794,21075.005,1022,0.9991,1.0,0.9274,5715.2,5,-5,1265,0.871
22,38560+535355,2,3015,86.143,True,2485.205,57727.796,2814,0.9997,1.0,0.9333,15379.3,20,-2,2641,1.142
22,38560+535355,3,3221,92.029,True,2651.653,61822.147,3019,0.9997,1.0,0.9373,16618.4,24,-8,3315,0.972
22,38560+535355,4,1769,50.543,True,1505.327,33903.613,1665,0.9994,1.0,0.9412,9258.0,9,-8,2457,0.72
22,38560+535355,5,2255,64.429,True,1888.982,43297.203,2111,0.9996,1.0,0.9361,11840.7,15,-5,1979,1.139
22,38560+535355,6,1499,42.829,True,1273.413,28731.246,1420,0.9993,1.0,0.9473,7777.7,12,-8,1495,1.003
22,38560+535355,7,2371,67.743,True,1984.493,45476.017,2207,0.9996,1.0,0.9308,12430.1,15,-2,3382,0.701
22,38560+535355,41027,1832,52.343,True,1529.814,35157.341,1715,0.9995,1.0,0.9361,9602.5,9,-2,2025,0.905
23,33866+513754,1,2560,73.143,True,2140.383,49269.821,2394,0.9996,1.0,0.9352,13519.1,19,-2,1265,2.024
23,33866+513754,2,4241,121.171,True,3497.039,81384.255,3980,0.9998,1.0,0.9385,22325.9,33,-2,2641,1.606
23,33866+513754,3,2238,63.943,True,1861.654,43069.612,2102,0.9996,1.0,0.9392,11708.2,18,-11,3315,0.675
23,33866+513754,4,2120,60.571,True,1757.882,40752.626,1990,0.9995,1.0,0.9387,11124.7,13,-5,2457,0.863
23,33866+513754,5,2159,61.686,True,1766.702,41401.2,2029,0.9995,1.0,0.9398,11092.3,16,-5,1979,1.091
23,33866+513754,6,2312,66.057,True,1910.524,44423.405,2175,0.9996,1.0,0.9407,12104.3,19,-8,1495,1.546
23,33866+513754,7,1957,55.914,True,1614.943,37618.692,1827,0.9995,1.0,0.9336,10015.6,13,-2,3382,0.579
23,33866+513754,41027,2624,74.971,True,2180.135,50463.51,2463,0.9996,1.0,0.9386,13815.4,18,-2,2025,1.296
24,43660+84782,1,1265,36.143,True,1077.293,24219.299,1189,0.9992,1.0,0.9399,6499.6,6,-5,1265,1.0
24,43660+84782,2,2641,75.457,True,2205.757,50782.296,2476,0.9996,1.0,0.9375,13930.4,18,-8,2641,1.0
24,43660+84782,3,2967,84.771,True,2423.386,57037.711,2799,0.9997,1.0,0.9434,15549.6,22,-5,3315,0.895
24,43660+84782,4,2457,70.2,True,2045.101,47175.369,2307,0.9996,1.0,0.9389,12917.0,11,-5,2457,1.0
24,43660+84782,5,1979,56.543,True,1652.078,38027.487,1869,0.9995,1.0,0.9444,10316.9,13,-2,1979,1.0
24,43660+84782,6,1495,42.714,True,1274.744,28647.754,1395,0.9993,1.0,0.9331,7840.1,9,-8,1495,1.0
24,43660+84782,7,3382,96.629,True,2751.94,64996.245,3165,0.9997,1.0,0.9358,17633.7,24,-5,3382,1.0
24,43660+84782,41027,2025,57.857,True,1692.642,38916.975,1906,0.9995,1.0,0.9412,10743.4,12,-5,2025,1.0
25,16792+43091,1,1730,49.429,True,1448.739,33204.543,1631,0.9994,1.0,0.9428,8906.0,12,-2,1265,1.368
25,16792+43091,2,3338,95.371,True,2767.035,64231.047,3163,0.9997,1.0,0.9476,17402.9,27,-5,2641,1.264
25,16792+43091,3,2975,85.0,True,2448.354,57177.091,2794,0.9997,1.0,0.9392,15499.9,19,-5,3315,0.897
25,16792+43091,4,2264,64.686,True,1881.181,43372.214,2143,0.9996,1.0,0.9466,11740.0,14,-11,2457,0.921
25,16792+43091,5,2008,57.371,True,1668.163,38568.576,1881,0.9995,1.0,0.9368,10401.7,14,-2,1979,1.015
25,16792+43091,6,1699,48.543,True,1420.009,32614.923,1590,0.9994,1.0,0.9358,8870.2,11,-2,1495,1.136
25,16792+43091,7,2266,64.743,True,1882.251,43518.487,2134,0.9996,1.0,0.9417,11885.6,15,-11,3382,0.67
25,16792+43091,41027,2365,67.571,True,1953.057,45412.35,2215,0.9996,1.0,0.9366,12328.7,15,-8,2025,1.168
26,30412+44008,1,3267,93.343,True,2705.834,62637.168,3041,0.9997,1.0,0.9308,17111.9,24,-5,1265,2.583
26,30412+44008,2,2536,72.457,True,2077.148,48688.46,2382,0.9996,1.0,0.9393,12947.3,17,-17,2641,0.96
26,30412+44008,3,4241,121.171,True,3416.112,81225.469,3977,0.9998,1.0,0.9378,21870.9,31,-2,3315,1.279
26,30412+44008,4,3068,87.657,True,2511.541,58914.136,2869,0.9997,1.0,0.9351,16034.6,21,-8,2457,1.249
26,30412+44008,5,2128,60.8,True,1767.785,40759.272,1993,0.9995,1.0,0.9366,11097.6,16,-11,1979,1.075
26,30412+44008,6,2400,68.571,True,1982.95,45967.817,2240,0.9996,1.0,0.9333,12537.7,19,-5,1495,1.605
26,30412+44008,7,2858,81.657,True,2377.082,54774.951,2674,0.9997,1.0,0.9356,14988.8,20,-8,3382,0.845
26,30412+44008,41027,1812,51.771,True,1529.554,34722.667,1689,0.9994,1.0,0.9321,9444.2,7,-2,2025,0.895
27,49046+58478,1,1838,52.514,True,1529.943,35289.762,1723,0.9995,1.0,0.9374,9583.7,8,-11,1265,1.453
27,49046+58478,2,2371,67.743,True,1962.729,45529.496,2211,0.9996,1.0,0.9325,12456.5,16,-2,2641,0.898
27,49046+58478,3,2391,68.314,True,1973.969,45863.744,2241,0.9996,1.0,0.9373,12321.6,17,-2,3315,0.721
27,49046+58478,4,2268,64.8,True,1886.466,43576.229,2120,0.9996,1.0,0.9347,11948.3,16,-2,2457,0.923
27,49046+58478,5,1976,56.457,True,1661.626,38049.942,1861,0.9995,1.0,0.9418,10237.6,14,-5,1979,0.998
27,49046+58478,6,1406,40.171,True,1216.8,27024.366,1321,0.9993,1.0,0.9395,7441.9,9,-5,1495,0.94
27,49046+58478,7,3344,95.543,True,2757.253,64293.329,3137,0.9997,1.0,0.9381,17595.7,25,-11,3382,0.989
27,49046+58478,41027,1853,52.943,True,1549.193,35629.701,1736,0.9995,1.0,0.9369,9770.9,9,-8,2025,0.915
28,18858+40998,1,2601,74.314,True,2173.551,50065.993,2454,0.9996,1.0,0.9435,13571.8,20,-8,1265,2.056
28,18858+40998,2,4212,120.343,True,3476.1,80825.026,3939,0.9998,1.0,0.9352,22150.8,27,-5,2641,1.595
28,18858+40998,3,2468,70.514,True,2070.215,47508.892,2327,0.9996,1.0,0.9429,12956.8,22,-8,3315,0.744
28,18858+40998,4,2625,75.0,True,2157.055,50384.894,2458,0.9996,1.0,0.9364,13744.8,19,-11,2457,1.068
28,18858+40998,5,2153,61.514,True,1786.697,41293.804,2023,0.9995,1.0,0.9396,11262.4,16,-2,1979,1.088
28,18858+40998,6,1621,46.314,True,1381.434,31102.453,1516,0.9994,1.0,0.9352,8548.4,11,-2,1495,1.084
28,18858+40998,7,2986,85.314,True,2460.117,57369.551,2800,0.9997,1.0,0.9377,15748.2,21,-2,3382,0.883
28,18858+40998,41027,2340,66.857,True,1934.016,44746.327,2181,0.9996,1.0,0.9321,12053.7,14,-2,2025,1.156
29,54136+63845,1,2882,82.343,True,2334.848,56108.825,2739,0.9997,1.0,0.9504,15051.3,18,-5,1265,2.278
29,54136+63845,2,3304,94.4,True,2679.236,64366.74,3137,0.9997,1.0,0.9495,17439.2,22,-5,2641,1.251
29,54136+63845,3,4269,121.971,True,3454.677,83152.586,4063,0.9998,1.0,0.9517,22492.9,30,-11,3315,1.288
29,54136+63845,4,2218,63.371,True,1788.534,43127.247,2112,0.9995,1.0,0.9522,11476.0,11,-11,2457,0.903
29,54136+63845,5,2162,61.771,True,1738.444,42074.59,2055,0.9995,1.0,0.9505,11092.2,16,-8,1979,1.092
29,54136+63845,6,2138,61.086,True,1752.36,41758.875,2044,0.9995,1.0,0.956,11189.7,15,-8,1495,1.43
29,54136+63845,7,3082,88.057,True,2527.948,60180.339,2933,0.9997,1.0,0.9517,16263.2,20,-8,3382,0.911
29,54136+63845,41027,1339,38.257,True,1077.416,26115.394,1279,0.9993,1.0,0.9552,6750.9,7,-2,2025,0.661
30,28962+76628,1,1725,49.286,True,1420.641,33128.486,1626,0.9994,1.0,0.9426,8833.7,11,-8,1265,1.364
30,28962+76628,2,3607,103.057,True,2947.573,69290.223,3374,0.9997,1.0,0.9354,18879.4,28,-5,2641,1.366
30,28962+76628,3,3834,109.543,True,3106.345,73627.115,3583,0.9997,1.0,0.9345,19916.4,30,-8,3315,1.157
30,28962+76628,4,2453,70.086,True,2003.294,47078.844,2300,0.9996,1.0,0.9376,12588.2,17,-2,2457,0.998
30,28962+76628,5,1815,51.857,True,1519.716,34864.728,1694,0.9994,1.0,0.9333,9432.5,11,-5,1979,0.917
30,28962+76628,6,1647,47.057,True,1384.898,31596.054,1547,0.9994,1.0,0.9393,8618.1,9,-11,1495,1.102
30,28962+76628,7,3047,87.057,True,2515.715,58649.632,2863,0.9997,1.0,0.9396,15993.7,21,-2,3382,0.901
30,28962+76628,41027,2060,58.857,True,1724.959,39592.558,1925,0.9995,1.0,0.9345,10907.3,15,-11,2025,1.017
31,40929+89660,1,2324,66.4,True,1955.605,44636.307,2169,0.9996,1.0,0.9333,12225.4,18,-8,1265,1.837
31,40929+89660,2,2032,58.057,True,1709.946,39020.485,1897,0.9995,1.0,0.9336,10676.9,12,-5,2641,0.769
31,40929+89660,3,2813,80.371,True,2328.994,54102.183,2627,0.9996,1.0,0.9339,14888.4,21,-5,3315,0.849
31,40929+89660,4,2542,72.629,True,2115.795,48927.844,2395,0.9996,1.0,0.9422,13345.5,19,-2,2457,1.035
31,40929+89660,5,1787,51.057,True,1514.159,34164.112,1666,0.9994,1.0,0.9323,9260.6,11,-8,1979,0.903
31,40929+89660,6,1815,51.857,True,1524.819,34837.664,1687,0.9994,1.0,0.9295,9552.8,11,-5,1495,1.214
31,40929+89660,7,2289,65.4,True,1888.655,43799.482,2128,0.9996,1.0,0.9297,11639.0,17,-2,3382,0.677
31,40929+89660,41027,2196,62.743,True,1834.144,42137.459,2057,0.9995,1.0,0.9367,11262.6,18,-14,2025,1.084
32,35637+338369,1,956,27.314,True,827.04,18459.074,899,0.999,1.0,0.9404,4964.0,4,-5,1265,0.756
32,35637+338369,2,1727,49.343,True,1433.31,33283.444,1631,0.9994,1.0,0.9444,8807.6,10,-2,2641,0.654
32,35637+338369,3,4470,127.714,True,3656.948,86306.739,4212,0.9998,1.0,0.9423,23742.4,32,-2,3315,1.348
32,35637+338369,4,2444,69.829,True,2039.195,47071.434,2297,0.9996,1.0,0.9399,12768.1,14,-5,2457,0.995
32,35637+338369,5,1636,46.743,True,1372.887,31406.181,1538,0.9994,1.0,0.9401,8476.6,8,-2,1979,0.827
32,35637+338369,6,1880,53.714,True,1575.538,36221.875,1759,0.9995,1.0,0.9356,9888.4,14,-2,1495,1.258
32,35637+338369,7,2015,57.571,True,1672.675,38788.458,1886,0.9995,1.0,0.936,10582.6,13,-11,3382,0.596
32,35637+338369,41027,3583,102.371,True,2912.75,69134.39,3362,0.9997,1.0,0.9383,18798.4,24,-2,2025,1.769
33,22522+61110,1,2586,73.886,True,2144.769,49634.915,2413,0.9996,1.0,0.9331,13619.1,14,-8,1265,2.044
33,22522+61110,2,2476,70.743,True,2060.95,47528.053,2332,0.9996,1.0,0.9418,13010.4,17,-8,2641,0.938
33,22522+61110,3,4812,137.486,True,3930.019,92464.224,4520,0.9998,1.0,0.9393,25349.4,36,-5,3315,1.452
33,22522+61110,4,2602,74.343,True,2145.98,50051.616,2445,0.9996,1.0,0.9397,13665.7,16,-5,2457,1.059
33,22522+61110,5,2085,59.571,True,1739.559,39976.226,1952,0.9995,1.0,0.9362,10796.1,13,-11,1979,1.054
33,22522+61110,6,2029,57.971,True,1714.422,38985.143,1907,0.9995,1.0,0.9399,10771.5,18,-5,1495,1.357
33,22522+61110,7,2859,81.686,True,2359.793,54888.887,2683,0.9997,1.0,0.9384,15052.1,17,-5,3382,0.845
33,22522+61110,41027,2879,82.257,True,2353.955,55228.157,2692,0.9997,1.0,0.935,14890.9,19,-8,2025,1.422
34,17345+108465,1,873,24.943,True,764.864,16676.665,817,0.9989,1.0,0.9359,4452.4,3,-2,1265,0.69
34,17345+108465,2,1749,49.971,True,1505.333,33333.882,1628,0.9994,1.0,0.9308,8781.6,12,-2,2641,0.662
34,17345+108465,3,2637,75.343,True,2212.557,50663.552,2461,0.9996,1.0,0.9333,13837.3,17,-2,3315,0.795
34,17345+108465,4,2619,74.829,True,2155.937,50397.923,2450,0.9996,1.0,0.9355,13746.3,20,-8,2457,1.066
34,17345+108465,5,1987,56.771,True,1664.856,38092.136,1853,0.9995,1.0,0.9326,10276.3,13,-2,1979,1.004
34,17345+108465,6,2072,59.2,True,1680.831,39723.99,1927,0.9995,1.0,0.93,10667.7,15,-8,1495,1.386
34,17345+108465,7,1832,52.343,True,1534.071,35207.012,1725,0.9995,1.0,0.9416,9596.5,9,-5,3382,0.542
34,17345+108465,41027,2083,59.514,True,1772.095,40028.219,1959,0.9995,1.0,0.9405,11018.6,12,-2,2025,1.029
35,10349+89280,1,1860,53.143,True,1547.353,35676.352,1738,0.9995,1.0,0.9344,9706.9,10,-2,1265,1.47
35,10349+89280,2,2016,57.6,True,1678.207,38605.803,1876,0.9995,1.0,0.9306,10371.9,13,-5,2641,0.763
35,10349+89280,3,3211,91.743,True,2622.342,61722.707,3009,0.9997,1.0,0.9371,16877.6,22,-5,3315,0.969
35,10349+89280,4,2544,72.686,True,2091.797,48842.942,2379,0.9996,1.0,0.9351,13413.9,15,-2,2457,1.035
35,10349+89280,5,1853,52.943,True,1547.578,35549.813,1750,0.9995,1.0,0.9444,9738.5,12,-2,1979,0.936
35,10349+89280,6,1928,55.086,True,1605.753,37045.365,1804,0.9995,1.0,0.9357,10141.7,12,-14,1495,1.29
35,10349+89280,7,2242,64.057,True,1862.229,43052.132,2103,0.9996,1.0,0.938,11838.6,17,-5,3382,0.663
35,10349+89280,41027,2259,64.543,True,1866.225,43404.942,2120,0.9996,1.0,0.9385,11732.5,15,-2,2025,1.116
36,80999+82408,1,2263,64.657,True,1868.652,43368.438,2140,0.9996,1.0,0.9456,11672.6,12,-5,1265,1.789
36,80999+82408,2,2169,61.971,True,1807.457,41517.932,2028,0.9995,1.0,0.935,11296.1,14,-5,2641,0.821
36,80999+82408,3,5086,145.314,True,4119.656,97583.139,4745,0.9998,1.0,0.933,26240.7,42,-11,3315,1.534
36,80999+82408,4,2001,57.171,True,1648.318,38284.833,1865,0.9995,1.0,0.932,10338.3,13,-5,2457,0.814
36,80999+82408,5,2047,58.486,True,1695.638,39272.775,1910,0.9995,1.0,0.9331,10652.4,16,-8,1979,1.034
36,80999+82408,6,1863,53.229,True,1552.768,35755.541,1756,0.9995,1.0,0.9426,9721.1,12,-8,1495,1.246
36,80999+82408,7,1232,35.2,True,1035.812,23656.146,1157,0.9992,1.0,0.9391,6316.0,9,-11,3382,0.364
36,80999+82408,41027,1392,39.771,True,1175.074,26804.995,1313,0.9993,1.0,0.9432,7328.4,8,-8,2025,0.687
37,43727+64517,1,1894,54.114,True,1575.064,36388.203,1772,0.9995,1.0,0.9356,9899.5,8,-14,1265,1.497
37,43727+64517,2,2353,67.229,True,1948.687,45355.66,2209,0.9996,1.0,0.9388,12345.9,18,-2,2641,0.891
37,43727+64517,3,2581,73.743,True,2129.692,49695.915,2431,0.9996,1.0,0.9419,13471.3,16,-2,3315,0.779
37,43727+64517,4,2317,66.2,True,1907.853,44685.099,2189,0.9996,1.0,0.9448,12114.1,14,-8,2457,0.943
37,43727+64517,5,1709,48.829,True,1432.205,32829.708,1594,0.9994,1.0,0.9327,8897.2,11,-2,1979,0.864
37,43727+64517,6,1262,36.057,True,1083.231,24291.9,1185,0.9992,1.0,0.939,6679.6,7,-8,1495,0.844
37,43727+64517,7,2436,69.6,True,1999.6,46778.903,2288,0.9996,1.0,0.9392,12431.7,17,-11,3382,0.72
37,43727+64517,41027,2189,62.543,True,1833.458,42311.529,2077,0.9995,1.0,0.9488,11526.2,16,-2,2025,1.081
38,48602+80999,1,2087,59.629,True,1755.754,40031.653,1937,0.9995,1.0,0.9281,10951.2,12,-8,1265,1.65
38,48602+80999,2,3704,105.829,True,3057.79,71133.502,3480,0.9997,1.0,0.9395,19692.6,25,-5,2641,1.402
38,48602+80999,3,2599,74.257,True,2187.551,49880.432,2433,0.9996,1.0,0.9361,13422.3,19,-2,3315,0.784
38,48602+80999,4,3079,87.971,True,2540.981,59155.971,2896,0.9997,1.0,0.9406,16170.3,21,-2,2457,1.253
38,48602+80999,5,1641,46.886,True,1374.351,31506.384,1533,0.9994,1.0,0.9342,8464.6,8,-2,1979,0.829
38,48602+80999,6,1908,54.514,True,1599.829,36772.997,1804,0.9995,1.0,0.9455,10118.0,13,-14,1495,1.276
38,48602+80999,7,2312,66.057,True,1878.795,44437.772,2158,0.9996,1.0,0.9334,11834.7,15,-2,3382,0.684
38,48602+80999,41027,1714,48.971,True,1446.784,32915.227,1601,0.9994,1.0,0.9341,8980.9,12,-2,2025,0.846
39,45765+49523,1,3192,91.2,True,2644.897,61385.696,3007,0.9997,1.0,0.942,16952.7,18,-2,1265,2.523
39,45765+49523,2,3190,91.143,True,2622.898,61300.955,2999,0.9997,1.0,0.9401,16617.0,22,-2,2641,1.208
39,45765+49523,3,2998,85.657,True,2452.68,57703.155,2819,0.9997,1.0,0.9403,15711.4,21,-17,3315,0.904
39,45765+49523,4,2776,79.314,True,2281.347,53335.827,2598,0.9996,1.0,0.9359,14559.7,21,-2,2457,1.13
39,45765+49523,5,2034,58.114,True,1646.935,39123.323,1913,0.9995,1.0,0.9405,10162.7,14,-2,1979,1.028
39,45765+49523,6,1858,53.086,True,1541.314,35614.183,1734,0.9995,1.0,0.9333,9631.4,15,-5,1495,1.243
39,45765+49523,7,1239,35.4,True,1047.496,23767.889,1175,0.9992,1.0,0.9483,6259.9,9,-11,3382,0.366
39,45765+49523,41027,2577,73.629,True,2124.053,49482.468,2407,0.9996,1.0,0.934,13546.1,20,-5,2025,1.273
40,17345+22786,1,2054,58.686,True,1734.263,39465.01,1924,0.9995,1.0,0.9367,10654.7,12,-11,1265,1.624
40,17345+22786,2,3641,104.029,True,2969.115,69850.373,3426,0.9997,1.0,0.941,18948.0,23,-11,2641,1.379
40,17345+22786,3,1864,53.257,True,1534.636,35804.871,1759,0.9995,1.0,0.9437,9575.1,14,-8,3315,0.562
40,17345+22786,4,2268,64.8,True,1879.851,43507.895,2140,0.9996,1.0,0.9436,11905.9,17,-2,2457,0.923
40,17345+22786,5,1995,57.0,True,1648.243,38282.325,1882,0.9995,1.0,0.9434,10306.7,14,-8,1979,1.008
40,17345+22786,6,2085,59.571,True,1757.5,39909.507,1949,0.9995,1.0,0.9348,10947.9,17,-14,1495,1.395
40,17345+22786,7,3280,93.714,True,2679.897,63073.368,3092,0.9997,1.0,0.9427,17204.8,22,-5,3382,0.97
40,17345+22786,41027,3649,104.257,True,2985.054,70085.685,3433,0.9997,1.0,0.9408,19226.8,29,-2,2025,1.802
41,41322+58348,1,2193,62.657,True,1833.874,42103.447,2059,0.9995,1.0,0.9389,11552.1,14,-11,1265,1.734
41,41322+58348,2,3103,88.657,True,2547.227,59673.909,2925,0.9997,1.0,0.9426,15938.7,23,-5,2641,1.175
41,41322+58348,3,2269,64.829,True,1863.453,43672.85,2126,0.9996,1.0,0.937,11812.8,14,-2,3315,0.684
41,41322+58348,4,3277,93.629,True,2704.677,63056.413,3063,0.9997,1.0,0.9347,17296.9,26,-2,2457,1.334
41,41322+58348,5,2184,62.4,True,1836.499,41865.335,2043,0.9995,1.0,0.9354,11235.6,16,-2,1979,1.104
41,41322+58348,6,3001,85.743,True,2469.207,57545.94,2803,0.9997,1.0,0.934,15663.7,26,-8,1495,2.007
41,41322+58348,7,1862,53.2,True,1544.34,35723.999,1745,0.9995,1.0,0.9372,9626.4,13,-8,3382,0.551
41,41322+58348,41027,1797,51.343,True,1492.492,34403.964,1672,0.9994,1.0,0.9304,9440.0,11,-2,2025,0.887
42,43727+125863,1,1945,55.571,True,1607.569,37383.824,1831,0.9995,1.0,0.9414,10046.8,10,-2,1265,1.538
42,43727+125863,2,2449,69.971,True,2020.932,47011.6,2312,0.9996,1.0,0.9441,12780.9,17,-8,2641,0.927
42,43727+125863,3,3546,101.314,True,2893.514,68158.844,3319,0.9997,1.0,0.936,18329.7,27,-2,3315,1.07
42,43727+125863,4,3023,86.371,True,2493.673,58068.315,2830,0.9997,1.0,0.9362,15920.6,21,-14,2457,1.23
42,43727+125863,5,1955,55.857,True,1624.664,37542.918,1838,0.9995,1.0,0.9402,10114.0,13,-2,1979,0.988
42,43727+125863,6,1927,55.057,True,1603.536,36960.255,1813,0.9995,1.0,0.9408,10133.0,13,-5,1495,1.289
42,43727+125863,7,1600,45.714,True,1349.756,30683.124,1489,0.9994,1.0,0.9306,8366.0,12,-14,3382,0.473
42,43727+125863,41027,3405,97.286,True,2802.317,65387.425,3198,0.9997,1.0,0.9392,17900.7,26,-2,2025,1.681
43,14228+75890,1,2332,66.629,True,1913.034,44819.584,2184,0.9996,1.0,0.9365,12085.6,14,-14,1265,1.843
43,14228+75890,2,1967,56.2,True,1665.238,37798.982,1834,0.9995,1.0,0.9324,9924.4,13,-2,2641,0.745
43,14228+75890,3,3067,87.629,True,2534.382,58776.453,2875,0.9997,1.0,0.9374,15890.1,21,-5,3315,0.925
43,14228+75890,4,2699,77.114,True,2219.252,51810.485,2520,0.9996,1.0,0.9337,14163.3,21,-2,2457,1.098
43,14228+75890,5,1875,53.571,True,1596.935,36092.985,1761,0.9995,1.0,0.9392,9843.9,14,-5,1979,0.947
43,14228+75890,6,1658,47.371,True,1384.849,31927.965,1563,0.9994,1.0,0.9427,8666.4,12,-2,1495,1.109
43,14228+75890,7,1652,47.2,True,1402.339,31709.792,1548,0.9994,1.0,0.937,8688.8,12,-8,3382,0.488
43,14228+75890,41027,2468,70.514,True,2048.79,47462.283,2297,0.9996,1.0,0.9307,12936.8,17,-14,2025,1.219
44,49178+54592,1,2299,65.686,True,1918.876,44032.167,2145,0.9996,1.0,0.933,12006.8,15,-11,1265,1.817
44,49178+54592,2,3342,95.486,True,2735.646,64268.673,3158,0.9997,1.0,0.9449,17319.8,22,-2,2641,1.265
44,49178+54592,3,4414,126.114,True,3584.117,84868.048,4145,0.9998,1.0,0.9391,23177.2,35,-5,3315,1.332
44,49178+54592,4,3056,87.314,True,2459.817,58856.855,2872,0.9997,1.0,0.9398,15700.5,22,-2,2457,1.244
44,49178+54592,5,2394,68.4,True,2006.432,46098.927,2260,0.9996,1.0,0.944,12627.3,18,-11,1979,1.21
44,49178+54592,6,1483,42.371,True,1238.903,28423.963,1380,0.9993,1.0,0.9305,7386.0,10,-11,1495,0.992
44,49178+54592,7,2092,59.771,True,1744.131,40186.95,1954,0.9995,1.0,0.934,11013.6,13,-5,3382,0.619
44,49178+54592,41027,1773,50.657,True,1483.891,33958.623,1674,0.9994,1.0,0.9442,9078.4,12,-2,2025,0.876
45,14595+48773,1,3459,98.829,True,2858.214,66424.889,3232,0.9997,1.0,0.9344,18300.9,25,-8,1265,2.734
45,14595+48773,2,2701,77.171,True,2238.802,51936.93,2527,0.9996,1.0,0.9356,14158.6,20,-8,2641,1.023
45,14595+48773,3,2690,76.857,True,2208.222,51716.397,2526,0.9996,1.0,0.939,13917.2,18,-2,3315,0.811
45,14595+48773,4,2001,57.171,True,1671.047,38427.687,1874,0.9995,1.0,0.9365,10415.8,14,-5,2457,0.814
45,14595+48773,5,1982,56.629,True,1664.578,38130.723,1868,0.9995,1.0,0.9425,10415.3,16,-8,1979,1.002
45,14595+48773,6,1668,47.657,True,1412.473,32121.307,1571,0.9994,1.0,0.9418,8820.1,12,-2,1495,1.116
45,14595+48773,7,1752,50.057,True,1456.091,33610.28,1647,0.9994,1.0,0.9401,8965.7,11,-2,3382,0.518
45,14595+48773,41027,2346,67.029,True,1953.152,45096.704,2208,0.9996,1.0,0.9412,12370.1,16,-8,2025,1.159
46,28250+51975,1,1275,36.429,True,1087.494,24394.774,1206,0.9992,1.0,0.9459,6517.2,6,-11,1265,1.008
46,28250+51975,2,3409,97.4,True,2795.668,65359.358,3195,0.9997,1.0,0.9372,17684.1,20,-5,2641,1.291
46,28250+51975,3,2278,65.086,True,1881.066,43803.784,2141,0.9996,1.0,0.9399,11790.4,16,-5,3315,0.687
46,28250+51975,4,2017,57.629,True,1687.653,38752.986,1893,0.9995,1.0,0.9385,10590.7,12,-2,2457,0.821
46,28250+51975,5,1655,47.286,True,1373.532,31855.621,1563,0.9994,1.0,0.9444,8595.1,11,-8,1979,0.836
46,28250+51975,6,1541,44.029,True,1334.918,29491.228,1446,0.9994,1.0,0.9384,7793.3,13,-14,1495,1.031
46,28250+51975,7,2674,76.4,True,2203.355,51341.861,2512,0.9996,1.0,0.9394,13899.1,17,-2,3382,0.791
46,28250+51975,41027,2016,57.6,True,1719.235,38708.586,1894,0.9995,1.0,0.9395,10610.5,11,-2,2025,0.996
47,31730+40998,1,1252,35.771,True,1058.744,24002.404,1163,0.9992,1.0,0.9289,6448.5,6,-2,1265,0.99
47,31730+40998,2,3538,101.086,True,2896.857,67936.214,3313,0.9997,1.0,0.9364,18613.6,26,-2,2641,1.34
47,31730+40998,3,2853,81.514,True,2360.374,54662.613,2694,0.9996,1.0,0.9443,14958.6,20,-14,3315,0.861
47,31730+40998,4,2465,70.429,True,2008.685,47269.522,2311,0.9996,1.0,0.9375,12731.9,18,-11,2457,1.003
47,31730+40998,5,2290,65.429,True,1914.67,43825.087,2136,0.9996,1.0,0.9328,11973.9,15,-8,1979,1.157
47,31730+40998,6,1943,55.514,True,1609.222,37339.831,1823,0.9995,1.0,0.9382,10144.6,17,-2,1495,1.3
47,31730+40998,7,1282,36.629,True,1069.586,24580.463,1194,0.9992,1.0,0.9314,6595.8,7,-2,3382,0.379
47,31730+40998,41027,1783,50.943,True,1499.327,34121.742,1660,0.9994,1.0,0.931,9344.9,10,-2,2025,0.88
48,21585+25586,1,1830,52.286,True,1525.472,35232.884,1724,0.9995,1.0,0.9421,9520.8,9,-2,1265,1.447
48,21585+25586,2,3416,97.6,True,2803.649,65490.28,3223,0.9997,1.0,0.9435,17708.2,25,-11,2641,1.293
48,21585+25586,3,3661,104.6,True,2980.191,70331.244,3451,0.9997,1.0,0.9426,18889.8,30,-2,3315,1.104
48,21585+25586,4,3399,97.114,True,2797.949,65251.952,3174,0.9997,1.0,0.9338,17878.4,26,-11,2457,1.383
48,21585+25586,5,2312,66.057,True,1922.58,44325.981,2167,0.9996,1.0,0.9373,12151.2,16,-2,1979,1.168
48,21585+25586,6,1878,53.657,True,1542.962,36003.787,1755,0.9995,1.0,0.9345,9640.8,15,-5,1495,1.256
48,21585+25586,7,2618,74.8,True,2167.415,50170.775,2459,0.9996,1.0,0.9393,13584.1,19,-8,3382,0.774
48,21585+25586,41027,1486,42.457,True,1241.215,28503.486,1393,0.9993,1.0,0.9374,7772.5,7,-5,2025,0.734
49,125203+568163,1,2536,72.457,True,2107.761,48617.306,2369,0.9996,1.0,0.9341,13162.9,19,-20,1265,2.005
49,125203+568163,2,2085,59.571,True,1742.424,40042.562,1959,0.9995,1.0,0.9396,10972.4,13,-8,2641,0.789
49,125203+568163,3,2641,75.457,True,2191.184,50717.625,2465,0.9996,1.0,0.9334,13970.7,16,-11,3315,0.797
49,125203+568163,4,2908,83.086,True,2376.776,55744.857,2728,0.9997,1.0,0.9381,15141.3,21,-8,2457,1.184
49,125203+568163,5,1929,55.114,True,1619.898,36970.952,1804,0.9995,1.0,0.9352,10068.7,12,-2,1979,0.975
49,125203+568163,6,1849,52.829,True,1555.887,35484.667,1739,0.9995,1.0,0.9405,9799.8,13,-14,1495,1.237
49,125203+568163,7,3419,97.686,True,2789.091,65817.584,3205,0.9997,1.0,0.9374,17995.4,24,-8,3382,1.011
49,125203+568163,41027,2326,66.457,True,1877.545,44581.7,2175,0.9996,1.0,0.9351,11763.3,13,-8,2025,1.149
50,22334+103289,1,2176,62.171,True,1794.17,41782.382,2043,0.9995,1.0,0.9389,11374.9,15,-2,1265,1.72
50,22334+103289,2,2732,78.057,True,2273.729,52642.611,2579,0.9996,1.0,0.944,14428.8,17,-5,2641,1.034
50,22334+103289,3,2590,74.0,True,2171.773,49733.68,2431,0.9996,1.0,0.9386,13603.8,17,-5,3315,0.781
50,22334+103289,4,3098,88.514,True,2553.314,59436.398,2881,0.9997,1.0,0.93,16186.0,23,-8,2457,1.261
50,22334+103289,5,1967,56.2,True,1624.346,37654.297,1862,0.9995,1.0,0.9466,10213.9,13,-2,1979,0.994
50,22334+103289,6,2203,62.943,True,1817.34,42434.383,2082,0.9995,1.0,0.9451,11476.6,17,-14,1495,1.474
50,22334+103289,7,2614,74.686,True,2150.004,50204.46,2452,0.9996,1.0,0.938,13711.5,15,-2,3382,0.773
50,22334+103289,41027,1401,40.029,True,1178.69,26910.804,1325,0.9993,1.0,0.9458,7324.0,6,-8,2025,0.692
51,25965+125863,1,2049,58.543,True,1697.733,39368.544,1941,0.9995,1.0,0.9473,10550.5,12,-8,1265,1.62
51,25965+125863,2,2343,66.943,True,1953.249,45067.175,2189,0.9996,1.0,0.9343,12384.2,13,-8,2641,0.887
51,25965+125863,3,6999,199.971,True,5669.013,134241.457,6570,0.9999,1.0,0.9387,36743.8,63,-11,3315,2.111
51,25965+125863,4,2814,80.4,True,2362.469,54012.979,2626,0.9996,1.0,0.9332,14778.3,22,-11,2457,1.145
51,25965+125863,5,2136,61.029,True,1777.306,40966.991,1996,0.9995,1.0,0.9345,11258.3,14,-11,1979,1.079
51,25965+125863,6,1746,49.886,True,1471.321,33545.153,1640,0.9994,1.0,0.9393,9130.1,11,-2,1495,1.168
51,25965+125863,7,2662,76.057,True,2270.091,50975.084,2499,0.9996,1.0,0.9388,13502.2,19,-11,3382,0.787
51,25965+125863,41027,2288,65.371,True,1895.587,43911.264,2149,0.9996,1.0,0.9392,11998.0,14,-8,2025,1.13
52,27509+40923,1,2604,74.4,True,2123.513,49871.119,2447,0.9996,1.0,0.9397,13400.4,19,-2,1265,2.058
52,27509+40923,2,3978,113.657,True,3234.81,76459.032,3730,0.9997,1.0,0.9377,20888.5,28,-2,2641,1.506
52,27509+40923,3,3657,104.486,True,3010.91,70361.02,3437,0.9997,1.0,0.9398,19097.8,26,-8,3315,1.103
52,27509+40923,4,3351,95.743,True,2721.9,64118.977,3118,0.9997,1.0,0.9305,17344.5,21,-2,2457,1.364
52,27509+40923,5,2075,59.286,True,1715.564,39789.47,1928,0.9995,1.0,0.9292,10879.5,15,-14,1979,1.049
52,27509+40923,6,1422,40.629,True,1199.254,27260.539,1332,0.9993,1.0,0.9367,7479.6,10,-11,1495,0.951
52,27509+40923,7,1478,42.229,True,1229.49,28358.787,1387,0.9993,1.0,0.9384,7549.6,10,-2,3382,0.437
52,27509+40923,41027,1561,44.6,True,1312.708,29981.291,1456,0.9994,1.0,0.9327,8244.1,10,-2,2025,0.771
53,16600+48689,1,3724,106.4,True,3063.536,71707.743,3515,0.9997,1.0,0.9439,19547.0,30,-8,1265,2.944
53,16600+48689,2,4649,132.829,True,3807.319,89184.928,4343,0.9998,1.0,0.9342,24461.5,34,-2,2641,1.76
53,16600+48689,3,4046,115.6,True,3321.283,77911.851,3794,0.9998,1.0,0.9377,21313.1,25,-2,3315,1.221
53,16600+48689,4,2348,67.086,True,1984.6,45195.698,2223,0.9996,1.0,0.9468,12422.5,17,-14,2457,0.956
53,16600+48689,5,2746,78.457,True,2277.538,52784.62,2572,0.9996,1.0,0.9366,14436.6,22,-2,1979,1.388
53,16600+48689,6,1519,43.4,True,1294.614,29190.171,1432,0.9993,1.0,0.9427,7955.1,9,-5,1495,1.016
53,16600+48689,7,2462,70.343,True,2030.468,47220.368,2313,0.9996,1.0,0.9395,12745.9,19,-2,3382,0.728
53,16600+48689,41027,3663,104.657,True,3003.426,70427.75,3446,0.9997,1.0,0.9408,19136.7,27,-5,2025,1.809
54,81987+803469,1,2932,83.771,True,2428.991,56389.675,2733,0.9997,1.0,0.9321,15359.3,21,-8,1265,2.318
54,81987+803469,2,3296,94.171,True,2713.037,63177.016,3093,0.9997,1.0,0.9384,17245.6,22,-11,2641,1.248
54,81987+803469,3,4282,122.343,True,3489.832,82211.746,3999,0.9998,1.0,0.9339,22355.6,34,-5,3315,1.292
54,81987+803469,4,2211,63.171,True,1836.88,42616.257,2078,0.9995,1.0,0.9398,11682.8,17,-2,2457,0.9
54,81987+803469,5,1511,43.171,True,1289.082,29012.663,1427,0.9993,1.0,0.9444,7819.4,9,-2,1979,0.764
54,81987+803469,6,1995,57.0,True,1676.346,38263.087,1867,0.9995,1.0,0.9358,10413.6,14,-8,1495,1.334
54,81987+803469,7,1229,35.114,True,1042.077,23558.365,1142,0.9992,1.0,0.9292,6201.5,10,-5,3382,0.363
54,81987+803469,41027,2197,62.771,True,1801.138,42190.224,2050,0.9995,1.0,0.9331,11214.7,16,-5,2025,1.085
55,38108+38279,1,2368,67.657,True,1946.276,45387.189,2215,0.9996,1.0,0.9354,12285.7,18,-8,1265,1.872
55,38108+38279,2,2612,74.629,True,2153.112,50066.58,2435,0.9996,1.0,0.9322,13444.3,18,-11,2641,0.989
55,38108+38279,3,3285,93.857,True,2665.215,63187.765,3083,0.9997,1.0,0.9385,17034.9,25,-2,3315,0.991
55,38108+38279,4,1982,56.629,True,1648.979,38068.854,1863,0.9995,1.0,0.94,10323.8,14,-2,2457,0.807
55,38108+38279,5,1356,38.743,True,1163.265,26029.335,1277,0.9993,1.0,0.9417,7118.6,8,-5,1979,0.685
55,38108+38279,6,1738,49.657,True,1457.118,33416.223,1633,0.9994,1.0,0.9396,9151.9,11,-11,1495,1.163
55,38108+38279,7,2662,76.057,True,2194.655,51158.832,2489,0.9996,1.0,0.935,13901.5,18,-8,3382,0.787
55,38108+38279,41027,1589,45.4,True,1324.352,30464.016,1489,0.9994,1.0,0.9371,8160.6,11,-2,2025,0.785
56,29712+96691,1,1944,55.543,True,1626.191,37201.023,1826,0.9995,1.0,0.9393,9938.2,12,-14,1265,1.537
56,29712+96691,2,4404,125.829,True,3602.391,84658.817,4156,0.9998,1.0,0.9437,23247.4,32,-11,2641,1.668
56,29712+96691,3,4092,116.914,True,3331.966,78385.91,3827,0.9998,1.0,0.9352,21407.5,30,-11,3315,1.234
56,29712+96691,4,1867,53.343,True,1576.569,35844.402,1749,0.9995,1.0,0.9368,9895.3,10,-2,2457,0.76
56,29712+96691,5,2002,57.2,True,1655.536,38331.778,1878,0.9995,1.0,0.9381,10345.3,15,-2,1979,1.012
56,29712+96691,6,1309,37.4,True,1113.636,25096.685,1233,0.9992,1.0,0.9419,6782.9,8,-5,1495,0.876
56,29712+96691,7,1704,48.686,True,1434.202,32660.086,1604,0.9994,1.0,0.9413,9012.5,11,-5,3382,0.504
56,29712+96691,41027,3263,93.229,True,2658.291,62531.833,3071,0.9997,1.0,0.9412,16833.3,25,-11,2025,1.611
57,11550+30750,1,2775,79.286,True,2304.767,53310.739,2594,0.9996,1.0,0.9348,14605.8,13,-5,1265,2.194
57,11550+30750,2,2835,81.0,True,2349.422,54486.891,2673,0.9996,1.0,0.9429,14924.6,17,-14,2641,1.073
57,11550+30750,3,3712,106.057,True,3070.389,71048.243,3450,0.9997,1.0,0.9294,19449.7,30,-2,3315,1.12
57,11550+30750,4,2629,75.114,True,2180.336,50430.022,2465,0.9996,1.0,0.9376,13697.6,19,-8,2457,1.07
57,11550+30750,5,2067,59.057,True,1729.519,39598.292,1927,0.9995,1.0,0.9323,10882.2,13,-11,1979,1.044
57,11550+30750,6,1989,56.829,True,1644.274,38057.095,1855,0.9995,1.0,0.9326,10318.2,17,-2,1495,1.33
57,11550+30750,7,2211,63.171,True,1826.375,42408.088,2068,0.9995,1.0,0.9353,11287.9,17,-2,3382,0.654
57,11550+30750,41027,2019,57.686,True,1706.9,38637.765,1886,0.9995,1.0,0.9341,10529.0,14,-2,2025,0.997
58,14544+77657,1,3090,88.286,True,2524.148,59468.477,2906,0.9997,1.0,0.9405,16112.2,23,-5,1265,2.443
58,14544+77657,2,3330,95.143,True,2701.951,64182.772,3135,0.9997,1.0,0.9414,17365.3,24,-2,2641,1.261
58,14544+77657,3,2218,63.371,True,1833.57,42647.776,2069,0.9995,1.0,0.9328,11624.8,15,-2,3315,0.669
58,14544+77657,4,1737,49.629,True,1467.518,33490.712,1627,0.9994,1.0,0.9367,9175.7,10,-8,2457,0.707
58,14544+77657,5,2184,62.4,True,1781.941,42019.37,2058,0.9995,1.0,0.9423,11314.1,13,-5,1979,1.104
58,14544+77657,6,1590,45.429,True,1352.701,30458.615,1494,0.9994,1.0,0.9396,8289.5,9,-8,1495,1.064
58,14544+77657,7,2352,67.2,True,1945.841,45134.428,2202,0.9996,1.0,0.9362,12256.3,19,-5,3382,0.695
58,14544+77657,41027,2419,69.114,True,2001.811,46575.432,2271,0.9996,1.0,0.9388,12696.3,19,-11,2025,1.195
59,43011+63085,1,1513,43.229,True,1271.601,28947.793,1407,0.9993,1.0,0.9299,7690.2,10,-5,1265,1.196
59,43011+63085,2,2453,70.086,True,2051.893,47127.911,2309,0.9996,1.0,0.9413,12676.9,18,-2,2641,0.929
59,43011+63085,3,4260,121.714,True,3469.313,81929.773,3999,0.9998,1.0,0.9387,22090.1,33,-5,3315,1.285
59,43011+63085,4,3894,111.257,True,3177.942,74818.819,3659,0.9997,1.0,0.9397,20423.4,27,-5,2457,1.585
59,43011+63085,5,2318,66.229,True,1935.1,44550.096,2161,0.9996,1.0,0.9323,12228.6,18,-2,1979,1.171
59,43011+63085,6,2141,61.171,True,1764.726,41134.103,2007,0.9995,1.0,0.9374,11241.3,15,-11,1495,1.432
59,43011+63085,7,1307,37.343,True,1098.521,25094.6,1227,0.9992,1.0,0.9388,6855.6,8,-8,3382,0.386
59,43011+63085,41027,3038,86.8,True,2534.583,58281.791,2850,0.9997,1.0,0.9381,15795.1,18,-8,2025,1.5
60,18915+512340,1,2761,78.886,True,2293.82,53033.621,2591,0.9996,1.0,0.9384,14359.3,18,-2,1265,2.183
60,18915+512340,2,2606,74.457,True,2167.864,50084.696,2451,0.9996,1.0,0.9405,13748.8,19,-11,2641,0.987
60,18915+512340,3,2071,59.171,True,1741.025,39692.09,1928,0.9995,1.0,0.931,10880.3,13,-5,3315,0.625
60,18915+512340,4,2867,81.914,True,2353.508,55157.929,2700,0.9997,1.0,0.9418,14999.0,21,-5,2457,1.167
60,18915+512340,5,1518,43.371,True,1284.122,29144.584,1429,0.9993,1.0,0.9414,7934.5,9,-5,1979,0.767
60,18915+512340,6,1617,46.2,True,1351.975,31094.368,1529,0.9994,1.0,0.9456,8464.1,12,-14,1495,1.082
60,18915+512340,7,2302,65.771,True,1893.504,44328.265,2172,0.9996,1.0,0.9435,11724.9,15,-17,3382,0.681
60,18915+512340,41027,1692,48.343,True,1410.075,32524.814,1573,0.9994,1.0,0.9297,8824.8,11,-2,2025,0.836
61,18412+522777,1,1188,33.943,True,1014.773,22777.212,1102,0.9992,1.0,0.9276,6200.8,8,-14,1265,0.939
61,18412+522777,2,3078,87.943,True,2534.64,59131.955,2878,0.9997,1.0,0.935,16185.1,20,-5,2641,1.165
61,18412+522777,3,2861,81.743,True,2382.732,54992.337,2696,0.9997,1.0,0.9423,14971.0,21,-5,3315,0.863
61,18412+522777,4,2619,74.829,True,2156.264,50275.806,2458,0.9996,1.0,0.9385,13739.1,16,-5,2457,1.066
61,18412+522777,5,1927,55.057,True,1605.448,36859.551,1803,0.9995,1.0,0.9357,10070.4,13,-8,1979,0.974
61,18412+522777,6,1567,44.771,True,1322.231,30093.246,1479,0.9994,1.0,0.9438,8168.2,9,-8,1495,1.048
61,18412+522777,7,2270,64.857,True,1875.683,43575.75,2121,0.9996,1.0,0.9344,11770.3,18,-2,3382,0.671
61,18412+522777,41027,1135,32.429,True,974.497,21811.811,1056,0.9991,1.0,0.9304,5960.5,6,-2,2025,0.56
62,45006+63085,1,2261,64.6,True,1875.778,43413.019,2110,0.9996,1.0,0.9332,11633.7,14,-14,1265,1.787
62,45006+63085,2,3937,112.486,True,3227.912,75583.093,3687,0.9997,1.0,0.9365,20667.4,29,-11,2641,1.491
62,45006+63085,3,3506,100.171,True,2829.508,67115.8,3276,0.9997,1.0,0.9344,18142.7,24,-5,3315,1.058
62,45006+63085,4,2139,61.114,True,1780.4,41070.644,1990,0.9995,1.0,0.9303,11188.1,15,-2,2457,0.871
62,45006+63085,5,2068,59.086,True,1713.234,39646.232,1955,0.9995,1.0,0.9454,10630.9,12,-2,1979,1.045
62,45006+63085,6,1954,55.829,True,1643.355,37457.974,1819,0.9995,1.0,0.9309,10198.3,16,-5,1495,1.307
62,45006+63085,7,1318,37.657,True,1108.867,25361.764,1244,0.9992,1.0,0.9439,6961.9,9,-2,3382,0.39
62,45006+63085,41027,3094,88.4,True,2540.717,59410.126,2906,0.9997,1.0,0.9392,16183.9,20,-2,2025,1.528
63,19131+34721,1,1323,37.8,True,1132.426,25363.123,1241,0.9992,1.0,0.938,6800.2,7,-2,1265,1.046
63,19131+34721,2,3826,109.314,True,3144.222,73470.742,3580,0.9997,1.0,0.9357,20020.6,29,-8,2641,1.449
63,19131+34721,3,3472,99.2,True,2825.553,66774.012,3276,0.9997,1.0,0.9435,18219.8,28,-8,3315,1.047
63,19131+34721,4,2973,84.943,True,2456.095,57102.856,2778,0.9997,1.0,0.9344,15405.6,21,-14,2457,1.21
63,19131+34721,5,1587,45.343,True,1349.788,30502.716,1493,0.9994,1.0,0.9408,8245.4,9,-8,1979,0.802
63,19131+34721,6,1218,34.8,True,1055.608,23366.971,1147,0.9992,1.0,0.9417,6394.5,8,-2,1495,0.815
63,19131+34721,7,3441,98.314,True,2823.461,66095.013,3237,0.9997,1.0,0.9407,18170.9,22,-8,3382,1.017
63,19131+34721,41027,2514,71.829,True,2073.944,48265.152,2375,0.9996,1.0,0.9447,12947.9,20,-2,2025,1.241
64,27936+61160,1,1700,48.571,True,1418.89,32589.171,1597,0.9994,1.0,0.9394,8845.4,11,-5,1265,1.344
64,27936+61160,2,2023,57.8,True,1694.616,38843.587,1904,0.9995,1.0,0.9412,10569.7,14,-2,2641,0.766
64,27936+61160,3,1258,35.943,True,1055.185,24055.16,1171,0.9992,1.0,0.9308,6195.1,9,-5,3315,0.379
64,27936+61160,4,4144,118.4,True,3401.106,79627.424,3886,0.9998,1.0,0.9377,21773.1,27,-2,2457,1.687
64,27936+61160,5,1985,56.714,True,1657.491,37985.397,1854,0.9995,1.0,0.934,10290.0,12,-5,1979,1.003
64,27936+61160,6,1412,40.343,True,1198.853,27150.027,1314,0.9993,1.0,0.9306,7440.1,9,-11,1495,0.944
64,27936+61160,7,3105,88.714,True,2549.856,59501.943,2892,0.9997,1.0,0.9314,16109.4,24,-2,3382,0.918
64,27936+61160,41027,2690,76.857,True,2228.91,51603.646,2537,0.9996,1.0,0.9431,14109.4,21,-5,2025,1.328
65,33284+52123,1,1265,36.143,True,1077.293,24219.299,1189,0.9992,1.0,0.9399,6499.6,6,-5,1265,1.0
65,33284+52123,2,2641,75.457,True,2205.757,50782.296,2476,0.9996,1.0,0.9375,13930.4,18,-8,2641,1.0
65,33284+52123,3,3315,94.714,True,2697.301,63679.833,3120,0.9997,1.0,0.9412,17334.0,25,-2,3315,1.0
65,33284+52123,4,2457,70.2,True,2045.101,47175.369,2307,0.9996,1.0,0.9389,12917.0,11,-5,2457,1.0
65,33284+52123,5,1979,56.543,True,1649.67,38035.842,1869,0.9995,1.0,0.9444,10319.4,13,-2,1979,1.0
65,33284+52123,6,1495,42.714,True,1270.998,28634.671,1391,0.9993,1.0,0.9304,7797.9,9,-8,1495,1.0
65,33284+52123,7,3382,96.629,True,2751.94,64996.245,3165,0.9997,1.0,0.9358,17633.7,24,-5,3382,1.0
65,33284+52123,41027,2025,57.857,True,1692.642,38916.975,1906,0.9995,1.0,0.9412,10743.4,12,-5,2025,1.0
66,14504+31577,1,1212,34.629,True,1043.694,23271.658,1140,0.9992,1.0,0.9406,6243.8,6,-2,1265,0.958
66,14504+31577,2,3612,103.2,True,2942.322,69434.42,3395,0.9997,1.0,0.9399,18902.2,25,-2,2641,1.368
66,14504+31577,3,5064,144.686,True,4122.614,97342.622,4752,0.9998,1.0,0.9384,26597.9,40,-11,3315,1.528
66,14504+31577,4,3078,87.943,True,2549.391,59119.293,2900,0.9997,1.0,0.9422,16166.9,24,-14,2457,1.253
66,14504+31577,5,1583,45.229,True,1329.593,30378.452,1494,0.9994,1.0,0.9438,8252.1,7,-2,1979,0.8
66,14504+31577,6,1787,51.057,True,1496.373,34303.568,1677,0.9994,1.0,0.9384,9358.8,14,-5,1495,1.195
66,14504+31577,7,1838,52.514,True,1533.695,35417.627,1733,0.9995,1.0,0.9429,9671.3,13,-2,3382,0.543
66,14504+31577,41027,1289,36.829,True,1089.696,24740.514,1210,0.9992,1.0,0.9387,6750.5,7,-5,2025,0.637
67,31153+534534,1,1698,48.514,True,1419.008,32486.951,1587,0.9994,1.0,0.9346,8772.3,10,-8,1265,1.342
67,31153+534534,2,2621,74.886,True,2169.943,50295.466,2449,0.9996,1.0,0.9344,13700.7,19,-8,2641,0.992
67,31153+534534,3,3624,103.543,True,2920.163,69639.388,3403,0.9997,1.0,0.939,18807.0,26,-17,3315,1.093
67,31153+534534,4,2224,63.543,True,1854.741,42657.803,2085,0.9996,1.0,0.9375,11690.1,16,-2,2457,0.905
67,31153+534534,5,1576,45.029,True,1316.929,30202.04,1477,0.9994,1.0,0.9372,8202.4,10,-5,1979,0.796
67,31153+534534,6,1926,55.029,True,1582.94,36939.785,1802,0.9995,1.0,0.9356,10024.7,16,-17,1495,1.288
67,31153+534534,7,2507,71.629,True,2077.942,48245.944,2356,0.9996,1.0,0.9398,13256.2,18,-2,3382,0.741
67,31153+534534,41027,2025,57.857,True,1675.749,38678.974,1888,0.9995,1.0,0.9323,10510.9,11,-8,2025,1.0
68,44965+514056,1,1303,37.229,True,1115.085,25087.545,1223,0.9992,1.0,0.9386,6792.3,8,-8,1265,1.03
68,44965+514056,2,3800,108.571,True,3099.528,72823.663,3539,0.9997,1.0,0.9313,19854.8,27,-2,2641,1.439
68,44965+514056,3,2885,82.429,True,2384.931,55454.422,2710,0.9997,1.0,0.9393,15013.5,24,-2,3315,0.87
68,44965+514056,4,1833,52.371,True,1520.694,35038.465,1718,0.9995,1.0,0.9373,9556.4,10,-2,2457,0.746
68,44965+514056,5,1288,36.8,True,1097.082,24690.276,1206,0.9992,1.0,0.9363,6682.0,7,-5,1979,0.651
68,44965+514056,6,1864,53.257,True,1562.585,35869.555,1756,0.9995,1.0,0.9421,9852.2,12,-8,1495,1.247
68,44965+514056,7,1787,51.057,True,1498.487,34379.684,1680,0.9994,1.0,0.9401,9403.9,11,-11,3382,0.528
68,44965+514056,41027,1927,55.057,True,1608.17,36954.412,1808,0.9995,1.0,0.9382,10148.3,14,-8,2025,0.952
69,24440+42751,1,1603,45.8,True,1350.721,30697.609,1505,0.9994,1.0,0.9389,8363.2,12,-8,1265,1.267
69,24440+42751,2,3333,95.229,True,2751.731,63921.85,3138,0.9997,1.0,0.9415,17339.5,23,-11,2641,1.262
69,24440+42751,3,3938,112.514,True,3205.777,75686.755,3707,0.9997,1.0,0.9413,20659.7,32,-14,3315,1.188
69,24440+42751,4,2640,75.429,True,2175.63,50474.807,2466,0.9996,1.0,0.9341,13625.5,21,-2,2457,1.074
69,24440+42751,5,1940,55.429,True,1617.759,37308.14,1830,0.9995,1.0,0.9433,10117.8,14,-23,1979,0.98
69,24440+42751,6,1567,44.771,True,1315.287,30054.398,1470,0.9994,1.0,0.9381,8057.1,12,-2,1495,1.048
69,24440+42751,7,3264,93.257,True,2645.199,62562.724,3049,0.9997,1.0,0.9341,16873.8,22,-5,3382,0.965
69,24440+42751,41027,2143,61.229,True,1772.937,41101.509,1996,0.9995,1.0,0.9314,11100.6,16,-2,2025,1.058
70,24281+536662,1,1919,54.829,True,1577.537,36821.317,1781,0.9995,1.0,0.9281,9988.4,11,-2,1265,1.517
70,24281+536662,2,4289,122.543,True,3492.194,82201.333,4017,0.9998,1.0,0.9366,22404.7,33,-2,2641,1.624
70,24281+536662,3,3564,101.829,True,2907.55,68198.316,3350,0.9997,1.0,0.94,18486.2,30,-5,3315,1.075
70,24281+536662,4,2851,81.457,True,2353.625,54798.293,2664,0.9996,1.0,0.9344,15017.2,20,-14,2457,1.16
70,24281+536662,5,2614,74.686,True,2159.298,50173.964,2463,0.9996,1.0,0.9422,13705.9,19,-8,1979,1.321
70,24281+536662,6,2594,74.114,True,2146.562,49946.15,2441,0.9996,1.0,0.941,13622.5,21,-5,1495,1.735
70,24281+536662,7,2153,61.514,True,1756.719,41302.909,2019,0.9995,1.0,0.9378,11102.5,16,-8,3382,0.637
70,24281+536662,41027,2126,60.743,True,1769.556,40870.178,1988,0.9995,1.0,0.9351,11182.4,12,-2,2025,1.05
71,23845+66687,1,1843,52.657,True,1542.333,35346.909,1731,0.9995,1.0,0.9392,9487.6,12,-5,1265,1.457
71,23845+66687,2,2789,79.686,True,2321.619,53702.785,2620,0.9996,1.0,0.9394,14747.5,16,-5,2641,1.056
71,23845+66687,3,3318,94.8,True,2756.766,63724.893,3092,0.9997,1.0,0.9319,17389.1,25,-11,3315,1.001
71,23845+66687,4,2355,67.286,True,1962.928,45267.285,2214,0.9996,1.0,0.9401,12338.4,14,-2,2457,0.958
71,23845+66687,5,1690,48.286,True,1407.213,32464.895,1590,0.9994,1.0,0.9408,8850.8,12,-5,1979,0.854
71,23845+66687,6,1959,55.971,True,1628.728,37712.112,1855,0.9995,1.0,0.9469,10244.8,15,-5,1495,1.31
71,23845+66687,7,3270,93.429,True,2697.589,62625.347,3071,0.9997,1.0,0.9391,17119.0,25,-8,3382,0.967
71,23845+66687,41027,2328,66.514,True,1953.799,44607.541,2154,0.9996,1.0,0.9253,12221.7,17,-8,2025,1.15
72,41934+70951,1,2152,61.486,True,1808.952,41271.881,2025,0.9995,1.0,0.941,11234.0,13,-11,1265,1.701
72,41934+70951,2,2499,71.4,True,2068.697,48012.31,2362,0.9996,1.0,0.9452,12901.5,16,-2,2641,0.946
72,41934+70951,3,4014,114.686,True,3297.446,77214.702,3781,0.9998,1.0,0.942,21098.5,32,-5,3315,1.211
72,41934+70951,4,1654,47.257,True,1376.108,31760.111,1548,0.9994,1.0,0.9359,8583.2,9,-11,2457,0.673
72,41934+70951,5,1488,42.514,True,1249.386,28660.713,1392,0.9993,1.0,0.9355,7780.9,8,-5,1979,0.752
72,41934+70951,6,1693,48.371,True,1431.48,32618.8,1591,0.9994,1.0,0.9398,8907.5,12,-11,1495,1.132
72,41934+70951,7,2004,57.257,True,1653.184,38411.345,1879,0.9995,1.0,0.9376,10290.1,13,-2,3382,0.593
72,41934+70951,41027,2047,58.486,True,1700.415,39176.771,1907,0.9995,1.0,0.9316,10677.5,13,-2,2025,1.011
73,14228+14812,1,2266,64.743,True,1885.202,43467.837,2121,0.9996,1.0,0.936,11741.8,16,-2,1265,1.791
73,14228+14812,2,3682,105.2,True,3024.971,70721.87,3465,0.9997,1.0,0.9411,19247.9,24,-11,2641,1.394
73,14228+14812,3,2708,77.371,True,2243.464,51936.595,2531,0.9996,1.0,0.9346,13935.9,19,-5,3315,0.817
73,14228+14812,4,2404,68.686,True,1956.123,46076.207,2257,0.9996,1.0,0.9389,12411.2,13,-2,2457,0.978
73,14228+14812,5,1681,48.029,True,1409.989,32319.496,1581,0.9994,1.0,0.9405,8736.7,11,-2,1979,0.849
73,14228+14812,6,1455,41.571,True,1241.994,27818.903,1367,0.9993,1.0,0.9395,7654.9,11,-8,1495,0.973
73,14228+14812,7,2152,61.486,True,1785.358,41390.155,2031,0.9995,1.0,0.9438,11265.0,14,-2,3382,0.636
73,14228+14812,41027,1934,55.257,True,1616.632,37226.186,1832,0.9995,1.0,0.9473,10020.3,14,-2,2025,0.955
74,16726+512803,1,2198,62.8,True,1805.804,42301.915,2064,0.9995,1.0,0.939,11340.7,13,-5,1265,1.738
74,16726+512803,2,2822,80.629,True,2293.638,54347.262,2661,0.9996,1.0,0.9429,14806.0,19,-8,2641,1.069
74,16726+512803,3,2387,68.2,True,1989.095,45968.246,2247,0.9996,1.0,0.9413,12571.6,17,-5,3315,0.72
74,16726+512803,4,2142,61.2,True,1784.656,41246.311,2008,0.9995,1.0,0.9374,11241.6,12,-2,2457,0.872
74,16726+512803,5,1854,52.971,True,1551.091,35631.636,1749,0.9995,1.0,0.9434,9626.5,10,-5,1979,0.937
74,16726+512803,6,1518,43.371,True,1251.357,29179.458,1419,0.9993,1.0,0.9348,7740.0,10,-2,1495,1.015
74,16726+512803,7,3703,105.8,True,3049.94,71451.84,3474,0.9997,1.0,0.9382,19512.1,27,-5,3382,1.095
74,16726+512803,41027,1887,53.914,True,1570.031,36381.549,1773,0.9995,1.0,0.9396,9925.0,13,-2,2025,0.932
75,21012+64105,1,2492,71.2,True,2063.99,47936.315,2344,0.9996,1.0,0.9406,12995.1,18,-5,1265,1.97
75,21012+64105,2,3174,90.686,True,2613.87,60830.334,2962,0.9997,1.0,0.9332,16709.7,25,-8,2641,1.202
75,21012+64105,3,5072,144.914,True,4112.623,97562.884,4763,0.9998,1.0,0.9391,26545.8,39,-5,3315,1.53
75,21012+64105,4,2615,74.714,True,2157.96,50251.23,2448,0.9996,1.0,0.9361,13642.1,20,-2,2457,1.064
75,21012+64105,5,1624,46.4,True,1361.247,31122.924,1521,0.9994,1.0,0.9366,8373.0,8,-5,1979,0.821
75,21012+64105,6,1849,52.829,True,1556.427,35480.315,1726,0.9995,1.0,0.9335,9778.2,13,-5,1495,1.237
75,21012+64105,7,2770,79.143,True,2268.066,53095.33,2594,0.9996,1.0,0.9365,14465.3,17,-14,3382,0.819
75,21012+64105,41027,1347,38.486,True,1151.809,25899.804,1263,0.9993,1.0,0.9376,7087.3,6,-8,2025,0.665
76,28452+93643,1,1095,31.286,True,931.807,20997.744,1019,0.9991,1.0,0.9306,5581.2,4,-5,1265,0.866
76,28452+93643,2,2322,66.343,True,1904.8,44540.21,2178,0.9996,1.0,0.938,11941.7,15,-2,2641,0.879
76,28452+93643,3,4809,137.4,True,3925.127,92344.159,4493,0.9998,1.0,0.9343,25255.8,36,-2,3315,1.451
76,28452+93643,4,2566,73.314,True,2108.069,49259.33,2386,0.9996,1.0,0.9299,13270.7,15,-5,2457,1.044
76,28452+93643,5,2096,59.886,True,1762.728,40281.301,1967,0.9995,1.0,0.9385,11032.8,16,-5,1979,1.059
76,28452+93643,6,1392,39.771,True,1170.475,26696.673,1308,0.9993,1.0,0.9397,7231.6,10,-14,1495,0.931
76,28452+93643,7,1846,52.743,True,1560.197,35326.894,1725,0.9995,1.0,0.9345,9654.4,15,-2,3382,0.546
76,28452+93643,41027,2851,81.457,True,2361.741,54702.358,2668,0.9996,1.0,0.9358,14995.4,21,-8,2025,1.408
77,19797+47999,1,2417,69.057,True,2004.682,46436.603,2277,0.9996,1.0,0.9421,12700.8,15,-2,1265,1.911
77,19797+47999,2,4744,135.543,True,3886.598,91227.181,4453,0.9998,1.0,0.9387,24981.1,39,-11,2641,1.796
77,19797+47999,3,3673,104.943,True,3001.845,70667.648,3439,0.9997,1.0,0.9363,19332.8,27,-5,3315,1.108
77,19797+47999,4,3182,90.914,True,2611.562,61171.343,2985,0.9997,1.0,0.9381,16751.3,24,-8,2457,1.295
77,19797+47999,5,1903,54.371,True,1586.005,36562.682,1794,0.9995,1.0,0.9427,9921.8,11,-8,1979,0.962
77,19797+47999,6,1557,44.486,True,1322.969,29866.985,1463,0.9994,1.0,0.9396,8187.6,11,-2,1495,1.041
77,19797+47999,7,2359,67.4,True,1969.654,45406.566,2241,0.9996,1.0,0.95,12366.1,13,-8,3382,0.698
77,19797+47999,41027,1935,55.286,True,1619.457,37304.574,1843,0.9995,1.0,0.9525,10116.0,13,-8,2025,0.956
78,11434+127124,1,2770,79.143,True,2257.307,53371.964,2610,0.9996,1.0,0.9422,14378.8,17,-5,1265,2.19
78,11434+127124,2,3752,107.2,True,3077.169,72331.123,3507,0.9997,1.0,0.9347,19816.5,23,-8,2641,1.421
78,11434+127124,3,4350,124.286,True,3546.427,83698.621,4097,0.9998,1.0,0.9418,22924.1,32,-8,3315,1.312
78,11434+127124,4,2992,85.486,True,2458.147,57697.674,2815,0.9997,1.0,0.9408,15721.3,22,-11,2457,1.218
78,11434+127124,5,2292,65.486,True,1885.594,44130.083,2152,0.9996,1.0,0.9389,12003.1,14,-2,1979,1.158
78,11434+127124,6,2028,57.943,True,1682.03,39064.511,1916,0.9995,1.0,0.9448,10609.2,14,-8,1495,1.357
78,11434+127124,7,2662,76.057,True,2205.816,51227.123,2505,0.9996,1.0,0.941,13921.9,19,-5,3382,0.787
78,11434+127124,41027,1873,53.514,True,1564.614,36079.836,1764,0.9995,1.0,0.9418,9898.2,8,-2,2025,0.925
79,44839+67140,1,2685,76.714,True,2212.032,51582.79,2520,0.9996,1.0,0.9385,14008.7,15,-5,1265,2.123
79,44839+67140,2,2977,85.057,True,2413.435,57239.008,2794,0.9997,1.0,0.9385,15410.3,20,-8,2641,1.127
79,44839+67140,3,2510,71.714,True,2085.617,48251.171,2350,0.9996,1.0,0.9363,13024.5,18,-5,3315,0.757
79,44839+67140,4,2408,68.8,True,1997.938,46407.683,2266,0.9996,1.0,0.941,12688.9,19,-5,2457,0.98
79,44839+67140,5,1947,55.629,True,1629.797,37322.79,1818,0.9995,1.0,0.9337,10020.7,12,-2,1979,0.984
79,44839+67140,6,1662,47.486,True,1389.829,31874.704,1552,0.9994,1.0,0.9338,8540.2,13,-2,1495,1.112
79,44839+67140,7,2078,59.371,True,1731.766,39959.626,1954,0.9995,1.0,0.9403,10972.8,16,-11,3382,0.614
79,44839+67140,41027,1339,38.257,True,1138.351,25749.472,1259,0.9993,1.0,0.9403,7046.4,7,-2,2025,0.661
80,28688+40659,1,2527,72.2,True,2077.481,48452.541,2374,0.9996,1.0,0.9395,12991.0,17,-11,1265,1.998
80,28688+40659,2,2728,77.943,True,2265.937,52239.506,2550,0.9996,1.0,0.9348,14268.1,20,-8,2641,1.033
80,28688+40659,3,2328,66.514,True,1924.508,44679.756,2176,0.9996,1.0,0.9347,12070.6,14,-5,3315,0.702
80,28688+40659,4,3284,93.829,True,2700.515,63121.325,3094,0.9997,1.0,0.9421,17253.3,26,-5,2457,1.337
80,28688+40659,5,1995,57.0,True,1675.974,38275.139,1883,0.9995,1.0,0.9439,10522.9,11,-11,1979,1.008
80,28688+40659,6,1619,46.257,True,1326.117,31041.876,1532,0.9994,1.0,0.9463,8128.7,12,-14,1495,1.083
80,28688+40659,7,1875,53.571,True,1575.089,36056.251,1766,0.9995,1.0,0.9419,9807.6,11,-2,3382,0.554
80,28688+40659,41027,2983,85.229,True,2456.2,57329.815,2795,0.9997,1.0,0.937,15680.5,21,-11,2025,1.473
81,17345+50838,1,2299,65.686,True,1907.961,44117.255,2143,0.9996,1.0,0.9321,11771.2,14,-11,1265,1.817
81,17345+50838,2,2870,82.0,True,2367.572,55113.498,2683,0.9997,1.0,0.9348,14854.2,22,-2,2641,1.087
81,17345+50838,3,4852,138.629,True,3963.262,93391.693,4547,0.9998,1.0,0.9371,25411.6,34,-5,3315,1.464
81,17345+50838,4,2278,65.086,True,1896.433,43701.825,2134,0.9996,1.0,0.9368,11978.9,14,-8,2457,0.927
81,17345+50838,5,1953,55.8,True,1628.761,37535.82,1837,0.9995,1.0,0.9406,10170.7,13,-5,1979,0.987
81,17345+50838,6,1258,35.943,True,1048.609,24122.906,1174,0.9992,1.0,0.9332,6208.2,9,-14,1495,0.841
81,17345+50838,7,2864,81.829,True,2371.251,54891.615,2668,0.9997,1.0,0.9316,15114.8,18,-5,3382,0.847
81,17345+50838,41027,2775,79.286,True,2306.378,53418.221,2613,0.9996,1.0,0.9416,14651.3,21,-5,2025,1.37
82,54136+56387,1,1944,55.543,True,1613.261,37901.848,1853,0.9995,1.0,0.9532,10236.4,11,-11,1265,1.537
82,54136+56387,2,2051,58.6,True,1644.34,39846.95,1949,0.9995,1.0,0.9503,10250.6,13,-14,2641,0.777
82,54136+56387,3,2963,84.657,True,2382.917,57653.19,2822,0.9997,1.0,0.9524,15114.9,22,-11,3315,0.894
82,54136+56387,4,3110,88.857,True,2526.601,60671.331,2970,0.9997,1.0,0.955,16175.4,23,-14,2457,1.266
82,54136+56387,5,1968,56.229,True,1624.568,38257.232,1878,0.9995,1.0,0.9543,10338.5,14,-8,1979,0.994
82,54136+56387,6,1621,46.314,True,1372.453,31509.934,1530,0.9994,1.0,0.9439,8593.7,8,-11,1495,1.084
82,54136+56387,7,2556,73.029,True,2093.451,49849.905,2440,0.9996,1.0,0.9546,13318.8,19,-2,3382,0.756
82,54136+56387,41027,1309,37.4,True,1113.127,25527.258,1242,0.9992,1.0,0.9488,6894.3,8,-2,2025,0.646
83,39040+74904,1,2239,63.971,True,1885.212,42941.769,2086,0.9996,1.0,0.9317,11757.3,12,-5,1265,1.77
83,39040+74904,2,4244,121.257,True,3461.811,81526.524,3969,0.9998,1.0,0.9352,22185.7,33,-5,2641,1.607
83,39040+74904,3,3307,94.486,True,2716.183,63687.545,3110,0.9997,1.0,0.9404,17307.4,26,-2,3315,0.998
83,39040+74904,4,3127,89.343,True,2566.207,60055.05,2922,0.9997,1.0,0.9344,16350.5,22,-11,2457,1.273
83,39040+74904,5,1568,44.8,True,1329.227,30120.336,1469,0.9994,1.0,0.9369,8034.5,9,-5,1979,0.792
83,39040+74904,6,1604,45.829,True,1350.717,30802.293,1509,0.9994,1.0,0.9408,8446.8,9,-5,1495,1.073
83,39040+74904,7,2149,61.4,True,1791.641,41211.625,2016,0.9995,1.0,0.9381,11154.3,14,-2,3382,0.635
83,39040+74904,41027,2347,67.057,True,1945.957,44949.177,2186,0.9996,1.0,0.9314,12292.9,15,-2,2025,1.159
84,12632+20035,1,1592,45.486,True,1355.688,30532.285,1492,0.9994,1.0,0.9372,8332.2,11,-5,1265,1.258
84,12632+20035,2,2224,63.543,True,1839.885,42653.587,2093,0.9996,1.0,0.9411,11532.9,15,-5,2641,0.842
84,12632+20035,3,3168,90.514,True,2623.749,61032.743,2985,0.9997,1.0,0.9422,16737.8,24,-2,3315,0.956
84,12632+20035,4,2657,75.914,True,2185.945,51075.35,2508,0.9996,1.0,0.9439,13887.6,17,-2,2457,1.081
84,12632+20035,5,3329,95.114,True,2736.908,63897.514,3112,0.9997,1.0,0.9348,17291.6,25,-8,1979,1.682
84,12632+20035,6,1690,48.286,True,1412.244,32548.537,1580,0.9994,1.0,0.9349,8848.4,12,-14,1495,1.13
84,12632+20035,7,3045,87.0,True,2506.126,58272.02,2841,0.9997,1.0,0.933,15849.4,24,-5,3382,0.9
84,12632+20035,41027,1398,39.943,True,1191.513,26934.48,1321,0.9993,1.0,0.9449,7366.7,5,-2,2025,0.69
85,20439+30412,1,1708,48.8,True,1438.126,32749.334,1596,0.9994,1.0,0.9344,8847.6,11,-2,1265,1.35
85,20439+30412,2,1989,56.829,True,1693.484,38067.139,1869,0.9995,1.0,0.9397,10351.8,16,-5,2641,0.753
85,20439+30412,3,4510,128.857,True,3677.881,86750.658,4236,0.9998,1.0,0.9392,23658.9,34,-14,3315,1.36
85,20439+30412,4,1805,51.571,True,1531.595,34630.63,1705,0.9994,1.0,0.9446,9476.8,12,-8,2457,0.735
85,20439+30412,5,2162,61.771,True,1800.833,41502.886,2039,0.9995,1.0,0.9431,11369.6,17,-8,1979,1.092
85,20439+30412,6,1542,44.057,True,1289.893,29590.286,1444,0.9994,1.0,0.9364,8114.7,10,-11,1495,1.031
85,20439+30412,7,1516,43.314,True,1293.208,28967.959,1426,0.9993,1.0,0.9406,7582.1,11,-20,3382,0.448
85,20439+30412,41027,2784,79.543,True,2316.803,53440.062,2595,0.9996,1.0,0.9321,14566.7,18,-14,2025,1.375
86,17799+59615,1,2985,85.286,True,2512.793,57401.698,2792,0.9997,1.0,0.9353,15840.5,21,-8,1265,2.36
86,17799+59615,2,3769,107.686,True,3182.74,72573.714,3530,0.9997,1.0,0.9366,20103.7,30,-5,2641,1.427
86,17799+59615,3,2975,85.0,True,2505.943,57264.405,2793,0.9997,1.0,0.9388,15858.3,22,-8,3315,0.897
86,17799+59615,4,2883,82.371,True,2445.593,55513.516,2687,0.9997,1.0,0.932,15438.1,19,-5,2457,1.173
86,17799+59615,5,1785,51.0,True,1526.964,34253.03,1663,0.9994,1.0,0.9317,9451.4,12,-5,1979,0.902
86,17799+59615,6,1420,40.571,True,1238.098,27313.363,1331,0.9993,1.0,0.9373,7610.3,9,-2,1495,0.95
86,17799+59615,7,3458,98.8,True,2889.104,66611.193,3267,0.9997,1.0,0.9448,18484.0,25,-11,3382,1.022
86,17799+59615,41027,2427,69.343,True,2060.437,46750.841,2300,0.9996,1.0,0.9477,12983.8,18,-14,2025,1.199
87,19734+51012,1,1658,47.371,True,1401.584,31763.744,1551,0.9994,1.0,0.9355,8600.4,9,-8,1265,1.311
87,19734+51012,2,2607,74.486,True,2154.333,49865.733,2414,0.9996,1.0,0.926,13294.5,19,-8,2641,0.987
87,19734+51012,3,4656,133.029,True,3794.753,89416.785,4345,0.9998,1.0,0.9332,24415.2,31,-5,3315,1.405
87,19734+51012,4,2553,72.943,True,2116.173,49084.943,2395,0.9996,1.0,0.9381,13452.4,17,-2,2457,1.039
87,19734+51012,5,1921,54.886,True,1580.319,36864.846,1800,0.9995,1.0,0.937,9920.9,12,-5,1979,0.971
87,19734+51012,6,1474,42.114,True,1241.523,28321.958,1393,0.9993,1.0,0.945,7719.2,9,-2,1495,0.986
87,19734+51012,7,2775,79.286,True,2289.016,53292.463,2602,0.9996,1.0,0.9377,14594.2,21,-11,3382,0.821
87,19734+51012,41027,2468,70.514,True,2038.464,47379.767,2309,0.9996,1.0,0.9356,12985.5,17,-14,2025,1.219
88,19435+27898,1,2750,78.571,True,2254.829,52883.468,2594,0.9996,1.0,0.9433,14288.1,16,-2,1265,2.174
88,19435+27898,2,2569,73.4,True,2134.179,49374.34,2410,0.9996,1.0,0.9381,13473.6,21,-2,2641,0.973
88,19435+27898,3,4305,123.0,True,3545.458,82836.841,4058,0.9998,1.0,0.9426,22693.6,30,-2,3315,1.299
88,19435+27898,4,1910,54.571,True,1587.921,36710.367,1782,0.9995,1.0,0.933,10045.1,12,-5,2457,0.777
88,19435+27898,5,1985,56.714,True,1656.617,38174.025,1878,0.9995,1.0,0.9461,10395.8,14,-14,1979,1.003
88,19435+27898,6,1357,38.771,True,1123.148,25974.453,1258,0.9993,1.0,0.927,6838.5,10,-2,1495,0.908
88,19435+27898,7,3070,87.714,True,2529.115,59015.716,2875,0.9997,1.0,0.9365,16005.4,20,-11,3382,0.908
88,19435+27898,41027,2253,64.371,True,1874.876,43361.676,2102,0.9996,1.0,0.933,11926.2,16,-14,2025,1.113
89,50500+555871,1,1669,47.686,True,1121.565,19825.943,1415,0.9994,0.9994,0.8478,5716.5,11,-11,1265,1.319
89,50500+555871,2,2880,82.286,True,1862.37,34237.99,2444,0.9997,0.9997,0.8486,9892.0,21,-2,2641,1.09
89,50500+555871,3,1831,52.314,True,1207.148,21802.884,1553,0.9995,0.9995,0.8482,6281.8,13,-2,3315,0.552
89,50500+555871,4,1548,44.229,True,1037.175,18418.221,1317,0.9994,0.9994,0.8508,5342.1,12,-8,2457,0.63
89,50500+555871,5,1837,52.486,True,1219.314,21831.487,1562,0.9995,0.9995,0.8503,6336.3,13,-5,1979,0.928
89,50500+555871,6,1783,50.943,True,1217.508,21284.854,1520,0.9994,0.9994,0.8525,6166.6,13,-11,1495,1.193
89,50500+555871,7,1163,33.229,True,794.082,13877.405,992,0.9991,0.9991,0.853,3988.0,7,-2,3382,0.344
89,50500+555871,41027,1420,40.571,True,966.277,16946.783,1212,0.9993,0.9993,0.8535,4953.9,8,-5,2025,0.701
90,31682+52881,1,2310,66.0,True,1911.845,44347.155,2166,0.9996,1.0,0.9377,12054.1,18,-5,1265,1.826
90,31682+52881,2,3744,106.971,True,3042.121,71865.101,3509,0.9997,1.0,0.9372,19230.0,27,-2,2641,1.418
90,31682+52881,3,5019,143.4,True,4049.584,96262.969,4691,0.9998,1.0,0.9346,26230.1,36,-2,3315,1.514
90,31682+52881,4,4309,123.114,True,3570.65,82784.488,4029,0.9998,1.0,0.935,22771.6,31,-2,2457,1.754
90,31682+52881,5,1972,56.343,True,1646.742,37881.894,1842,0.9995,1.0,0.9341,10415.0,12,-8,1979,0.996
90,31682+52881,6,1701,48.6,True,1398.414,32682.439,1592,0.9994,1.0,0.9359,8801.0,11,-2,1495,1.138
90,31682+52881,7,1998,57.086,True,1673.442,38522.566,1880,0.9995,1.0,0.9409,10559.6,11,-8,3382,0.591
90,31682+52881,41027,1555,44.429,True,1291.69,29715.923,1466,0.9994,1.0,0.9428,7871.5,10,-11,2025,0.768
91,11550+27538,1,2350,67.143,True,1968.157,45203.57,2199,0.9996,1.0,0.9357,12316.9,13,-5,1265,1.858
91,11550+27538,2,2885,82.429,True,2380.519,55420.669,2705,0.9997,1.0,0.9376,15028.5,21,-8,2641,1.092
91,11550+27538,3,4786,136.743,True,3905.339,91968.635,4482,0.9998,1.0,0.9365,25214.1,35,-2,3315,1.444
91,11550+27538,4,3638,103.943,True,3011.721,70010.498,3416,0.9997,1.0,0.939,19143.5,27,-5,2457,1.481
91,11550+27538,5,1947,55.629,True,1623.894,37226.741,1830,0.9995,1.0,0.9399,10216.3,14,-2,1979,0.984
91,11550+27538,6,1695,48.429,True,1433.01,32461.651,1591,0.9994,1.0,0.9386,8879.9,13,-11,1495,1.134
91,11550+27538,7,2744,78.4,True,2255.578,52563.606,2547,0.9996,1.0,0.9282,14307.0,18,-5,3382,0.811
91,11550+27538,41027,1352,38.629,True,1143.847,26017.025,1277,0.9993,1.0,0.9445,7048.4,7,-8,2025,0.668
92,39712+533265,1,1986,56.743,True,1640.029,38064.914,1858,0.9995,1.0,0.9355,10194.9,12,-2,1265,1.57
92,39712+533265,2,2875,82.143,True,2360.491,55470.49,2706,0.9997,1.0,0.9412,15103.4,21,-11,2641,1.089
92,39712+533265,3,2851,81.457,True,2372.114,54744.32,2681,0.9996,1.0,0.9404,14728.0,21,-5,3315,0.86
92,39712+533265,4,3200,91.429,True,2623.31,61627.722,3028,0.9997,1.0,0.9463,16828.9,18,-5,2457,1.302
92,39712+533265,5,1881,53.743,True,1563.328,36061.638,1757,0.9995,1.0,0.9341,9757.3,11,-2,1979,0.95
92,39712+533265,6,1838,52.514,True,1507.563,35342.2,1723,0.9995,1.0,0.9374,9525.4,12,-8,1495,1.229
92,39712+533265,7,2439,69.686,True,1999.048,47030.511,2304,0.9996,1.0,0.9446,12655.3,16,-2,3382,0.721
92,39712+533265,41027,1700,48.571,True,1440.148,32546.792,1590,0.9994,1.0,0.9353,8852.2,13,-11,2025,0.84
93,43426+81903,1,1087,31.057,True,916.44,20925.232,1029,0.9991,1.0,0.9466,5638.5,6,-2,1265,0.859
93,43426+81903,2,1718,49.086,True,1410.806,32915.245,1612,0.9994,1.0,0.9383,8673.5,12,-8,2641,0.651
93,43426+81903,3,2342,66.914,True,1955.533,45036.268,2218,0.9996,1.0,0.9471,12345.2,15,-2,3315,0.706
93,43426+81903,4,2950,84.286,True,2441.839,56638.986,2758,0.9997,1.0,0.9349,15505.5,20,-11,2457,1.201
93,43426+81903,5,2131,60.886,True,1778.299,41033.407,1995,0.9995,1.0,0.9362,11187.5,15,-2,1979,1.077
93,43426+81903,6,1184,33.829,True,1032.181,22860.572,1116,0.9992,1.0,0.9426,6213.2,7,-8,1495,0.792
93,43426+81903,7,3522,100.629,True,2878.445,67601.251,3313,0.9997,1.0,0.9407,18415.7,27,-14,3382,1.041
93,43426+81903,41027,2652,75.771,True,2221.383,50989.856,2484,0.9996,1.0,0.9367,13669.5,18,-2,2025,1.31
94,14366+25382,1,1235,35.286,True,1053.762,23882.861,1167,0.9992,1.0,0.9449,6438.0,6,-8,1265,0.976
94,14366+25382,2,2759,78.829,True,2265.019,53511.518,2606,0.9996,1.0,0.9445,14445.1,18,-2,2641,1.045
94,14366+25382,3,5067,144.771,True,4146.795,98260.444,4789,0.9998,1.0,0.9451,26813.7,37,-11,3315,1.529
94,14366+25382,4,2076,59.314,True,1743.818,40146.246,1966,0.9995,1.0,0.947,11048.3,13,-2,2457,0.845
94,14366+25382,5,2142,61.2,True,1787.908,41492.427,2026,0.9995,1.0,0.9458,11193.0,13,-2,1979,1.082
94,14366+25382,6,1398,39.943,True,1176.181,26925.181,1306,0.9993,1.0,0.9342,7246.2,9,-2,1495,0.935
94,14366+25382,7,2830,80.857,True,2356.434,54682.435,2659,0.9996,1.0,0.9396,14885.7,22,-14,3382,0.837
94,14366+25382,41027,3094,88.4,True,2590.833,59966.874,2934,0.9997,1.0,0.9483,16500.0,23,-14,2025,1.528
95,44769+58510,1,1912,54.629,True,1587.011,36701.568,1788,0.9995,1.0,0.9351,9940.5,11,-8,1265,1.511
95,44769+58510,2,3456,98.743,True,2856.549,66501.856,3243,0.9997,1.0,0.9384,17931.9,30,-2,2641,1.309
95,44769+58510,3,4027,115.057,True,3266.386,77277.436,3777,0.9998,1.0,0.9379,20875.6,32,-8,3315,1.215
95,44769+58510,4,2958,84.514,True,2430.293,56878.812,2770,0.9997,1.0,0.9364,15439.4,19,-5,2457,1.204
95,44769+58510,5,2051,58.6,True,1722.755,39436.99,1930,0.9995,1.0,0.941,10800.2,14,-2,1979,1.036
95,44769+58510,6,2169,61.971,True,1792.752,41616.228,2028,0.9995,1.0,0.935,11131.3,16,-8,1495,1.451
95,44769+58510,7,3235,92.429,True,2630.886,62176.667,3051,0.9997,1.0,0.9431,17000.8,26,-14,3382,0.957
95,44769+58510,41027,2309,65.971,True,1924.719,44343.546,2165,0.9996,1.0,0.9376,11966.6,15,-8,2025,1.14
96,18858+522777,1,3192,91.2,True,2612.468,61265.835,2979,0.9997,1.0,0.9333,16751.4,19,-11,1265,2.523
96,18858+522777,2,3400,97.143,True,2816.831,65420.666,3192,0.9997,1.0,0.9388,17861.1,26,-5,2641,1.287
96,18858+522777,3,4256,121.6,True,3458.717,81748.871,3979,0.9998,1.0,0.9349,22224.5,31,-5,3315,1.284
96,18858+522777,4,2129,60.829,True,1782.392,40849.02,2009,0.9995,1.0,0.9436,11175.2,12,-2,2457,0.867
96,18858+522777,5,1827,52.2,True,1529.431,35094.975,1698,0.9995,1.0,0.9294,9590.0,11,-5,1979,0.923
96,18858+522777,6,1453,41.514,True,1228.895,27941.84,1369,0.9993,1.0,0.9422,7526.0,9,-11,1495,0.972
96,18858+522777,7,1933,55.229,True,1630.723,37129.053,1816,0.9995,1.0,0.9395,10019.2,15,-11,3382,0.572
96,18858+522777,41027,2255,64.429,True,1924.719,43203.112,2114,0.9996,1.0,0.9375,11912.6,16,-8,2025,1.114
97,43884+47795,1,1847,52.771,True,1552.471,35450.381,1736,0.9995,1.0,0.9399,9642.3,10,-11,1265,1.46
97,43884+47795,2,1795,51.286,True,1497.068,34397.512,1674,0.9994,1.0,0.9326,9161.7,13,-11,2641,0.68
97,43884+47795,3,3243,92.657,True,2654.642,62104.633,3035,0.9997,1.0,0.9359,17044.2,26,-11,3315,0.978
97,43884+47795,4,3507,100.2,True,2884.884,67378.762,3288,0.9997,1.0,0.9376,18456.6,26,-5,2457,1.427
97,43884+47795,5,2440,69.714,True,2030.359,46734.378,2279,0.9996,1.0,0.934,12753.2,18,-11,1979,1.233
97,43884+47795,6,1884,53.829,True,1588.746,36081.747,1759,0.9995,1.0,0.9337,9662.5,15,-5,1495,1.26
97,43884+47795,7,3669,104.829,True,2998.069,70452.274,3430,0.9997,1.0,0.9349,19096.3,25,-11,3382,1.085
97,43884+47795,41027,1187,33.914,True,1029.418,22860.332,1126,0.9992,1.0,0.9486,6294.1,5,-8,2025,0.586
98,24463+531382,1,2154,61.543,True,1798.84,41376.163,2016,0.9995,1.0,0.9359,11346.7,16,-11,1265,1.703
98,24463+531382,2,3001,85.743,True,2477.56,57634.804,2820,0.9997,1.0,0.9397,15627.8,20,-11,2641,1.136
98,24463+531382,3,4039,115.4,True,3279.824,77731.189,3803,0.9998,1.0,0.9416,21034.7,30,-11,3315,1.218
98,24463+531382,4,1777,50.771,True,1480.59,34109.233,1656,0.9994,1.0,0.9319,9325.7,11,-5,2457,0.723
98,24463+531382,5,1758,50.229,True,1463.314,33685.501,1640,0.9994,1.0,0.9329,9079.5,11,-2,1979,0.888
98,24463+531382,6,2190,62.571,True,1807.804,42033.04,2045,0.9995,1.0,0.9338,11282.7,17,-14,1495,1.465
98,24463+531382,7,3308,94.514,True,2734.336,63540.789,3101,0.9997,1.0,0.9374,17334.2,22,-2,3382,0.978
98,24463+531382,41027,1565,44.714,True,1316.836,30100.289,1459,0.9994,1.0,0.9323,8176.6,11,-2,2025,0.773
99,46479+47876,1,1842,52.629,True,1547.537,35377.857,1719,0.9995,1.0,0.9332,9658.3,13,-11,1265,1.456
99,46479+47876,2,3243,92.657,True,2641.424,62356.959,3050,0.9997,1.0,0.9405,17083.7,22,-2,2641,1.228
99,46479+47876,3,2656,75.886,True,2188.908,51079.776,2493,0.9996,1.0,0.9386,13972.0,19,-2,3315,0.801
99,46479+47876,4,2214,63.257,True,1814.335,42448.963,2062,0.9995,1.0,0.9313,11287.9,16,-2,2457,0.901
99,46479+47876,5,1249,35.686,True,1067.074,23895.917,1162,0.9992,1.0,0.9303,6466.2,6,-2,1979,0.631
99,46479+47876,6,1502,42.914,True,1265.465,28808.627,1410,0.9993,1.0,0.9387,7822.6,8,-8,1495,1.005
99,46479+47876,7,1841,52.6,True,1557.774,35291.071,1717,0.9995,1.0,0.9326,9699.3,12,-2,3382,0.544
99,46479+47876,41027,2044,58.4,True,1705.636,39274.564,1915,0.9995,1.0,0.9369,10661.2,12,-5,2025,1.009
100,26121+41141,1,2552,72.914,True,2129.178,49045.357,2390,0.9996,1.0,0.9365,13427.7,19,-5,1265,2.017
100,26121+41141,2,2980,85.143,True,2462.299,57243.634,2799,0.9997,1.0,0.9393,15553.0,20,-11,2641,1.128
100,26121+41141,3,4579,130.829,True,3714.56,87886.218,4298,0.9998,1.0,0.9386,23770.2,33,-2,3315,1.381
100,26121+41141,4,3913,111.8,True,3215.795,75184.867,3669,0.9997,1.0,0.9376,20457.8,28,-5,2457,1.593
100,26121+41141,5,1488,42.514,True,1251.562,28645.667,1412,0.9993,1.0,0.9489,7724.6,10,-5,1979,0.752
100,26121+41141,6,1882,53.771,True,1589.747,36157.559,1778,0.9995,1.0,0.9447,9920.6,14,-8,1495,1.259
100,26121+41141,7,2180,62.286,True,1815.77,41834.707,2053,0.9995,1.0,0.9417,11485.3,16,-11,3382,0.645
100,26121+41141,41027,1772,50.629,True,1506.328,33958.011,1664,0.9994,1.0,0.9391,9279.2,9,-5,2025,0.875
