tick,episode,frame_sha16,turn,forward,attack,total_spikes,DNp20_R_10059,DNp20_L_10162,MN9_L_10331,DNa02_R_10360,DNpe017_L_10527,MDN_R_10763,DNp09_L_10783,DNp09_R_11177,MDN_L_11288,MDN_R_11332,MDN_L_12348,MN9_R_16949,DNa02_L_523769,DNpe017_R_555871,health,kills
1,1,1fd48474a6be9a50,0.0,0.0,0,13261,1,1,0,0,0,0,0,0,0,0,0,0,0,0,100,0
2,1,42e87e5282ce6ecc,1.044151,0.0,0,15286,1,0,0,0,0,0,0,0,0,0,0,0,0,0,100,0
3,1,5338eb81004e63ab,0.784431,0.0,0,13339,1,1,0,0,0,0,0,0,0,0,0,0,0,0,100,0
4,1,3241a992f2c7f996,0.589314,0.0,0,14202,1,1,0,0,0,0,0,0,0,0,0,0,0,0,100,0
5,1,f62c84244529c6a0,1.486383,0.0,0,14227,1,0,0,0,0,0,0,0,0,0,0,0,0,0,100,0
6,1,9e53974efb534648,1.117781,0.0,0,14219,1,1,0,0,0,0,0,0,0,0,0,0,0,0,100,0
7,1,3e89259be3f962b8,0.839747,0.0,0,14004,1,1,0,0,0,0,0,0,0,0,0,0,0,0,100,0
8,1,b277005cee6b87f3,0.630871,0.0,0,14282,1,1,0,0,0,0,0,0,0,0,0,0,0,0,100,0
9,1,64bba7bfd88bf991,1.518574,0.0,0,14006,1,0,0,0,0,0,0,0,0,0,0,0,0,0,100,0
10,1,740e0c1a10d4694e,1.140848,0.0,0,13903,1,1,0,0,0,0,0,0,0,0,0,0,0,0,100,0
11,1,4ebcc69fd7c831bd,0.857076,0.0,0,14375,1,1,0,0,0,0,0,0,0,0,0,0,0,0,100,0
12,1,b734eb68cadec0ba,0.64389,0.0,0,13687,1,1,0,0,0,0,0,0,0,0,0,0,0,0,100,0
13,1,229c822e0f246f8b,1.528365,0.0,0,13862,1,0,0,0,0,0,0,0,0,0,0,0,0,0,100,0
14,1,340a3eab4eee66a1,1.148203,0.0,0,13908,1,1,0,0,0,0,0,0,0,0,0,0,0,0,100,0
15,1,6c25a712e4db5ad0,0.862602,0.0,0,13887,1,1,0,0,0,0,0,0,0,0,0,0,0,0,100,0
16,1,224157cd7dd53fe7,0.648689,0.0,0,14029,1,1,0,0,0,0,0,0,0,0,0,0,0,0,100,0
17,1,3fae79fffc5f7198,1.530989,0.0,0,13893,1,0,0,0,0,0,0,0,0,0,0,0,0,0,100,0
18,1,47fe89eaa33ad81b,1.150175,0.0,0,13953,1,1,0,0,0,0,0,0,0,0,0,0,0,0,100,0
19,1,016f577c2b545e3c,0.864083,0.0,0,14210,1,1,0,0,0,0,0,0,0,0,0,0,0,0,100,0
20,1,38e3f62e44ffd9c9,1.693954,0.0,0,13959,1,0,0,0,0,0,0,0,0,0,0,0,0,0,100,0
21,1,4065163fa261293d,1.272604,0.0,0,13887,1,1,0,0,0,0,0,0,0,0,0,0,0,0,100,0
22,1,1773ff2058f26dcd,0.95606,0.0,0,14148,1,1,0,0,0,0,0,0,0,0,0,0,0,0,100,0
23,1,d6cf97f09b5760b0,1.763121,0.0,0,13797,1,0,0,0,0,0,0,0,0,0,0,0,0,0,100,0
24,1,4ef8c007af7c7959,1.324567,0.0,0,14030,1,1,0,0,0,0,0,0,0,0,0,0,0,0,100,0
25,1,029a4f8484c7ff85,0.995098,0.0,0,14034,1,1,0,0,0,0,0,0,0,0,0,0,0,0,100,0
26,1,928704591e5274b5,0.74758,0.0,0,13924,1,1,0,0,0,0,0,0,0,0,0,0,0,0,100,0
27,1,5ff8d0e39e9f4c55,0.562191,0.0,0,13767,1,1,0,0,0,0,0,0,0,0,0,0,0,0,100,0
28,1,908072069dd6340e,1.466006,0.0,0,14128,1,0,0,0,0,0,0,0,0,0,0,0,0,0,100,0
29,1,c7594913a8cacba7,1.101356,0.0,0,13899,1,1,0,0,0,0,0,0,0,0,0,0,0,0,100,0
30,1,e8964ed04de970a7,1.872386,0.0,0,13966,2,1,0,0,0,0,0,0,0,0,0,0,0,0,100,0
31,1,1e399070a434f097,2.450307,0.0,0,14068,1,0,0,0,0,0,0,0,0,0,0,0,0,0,100,0
32,1,094614fc5c71205d,1.840824,0.0,0,13993,1,1,0,0,0,0,0,0,0,0,0,0,0,0,100,0
33,1,66a69603b5ccecac,1.382942,0.0,0,13992,1,1,0,0,0,0,0,0,0,0,0,0,0,0,100,0
34,1,5498a570c847b928,1.039992,0.0,0,13890,1,1,0,0,0,0,0,0,0,0,0,0,0,0,100,0
35,1,5a0af86bc052bf4d,0.781307,0.0,0,14053,1,1,0,0,0,0,0,0,0,0,0,0,0,0,100,0
36,1,458a4666a4067b67,1.63062,0.0,0,13962,1,0,0,0,0,0,0,0,0,0,0,0,0,0,100,0
37,1,a8960a680152c280,1.22625,0.0,0,13986,1,1,0,0,0,0,0,0,0,0,0,0,0,0,100,0
38,1,8f4b3c6088fcbf9f,1.964889,0.0,0,13865,2,1,0,0,0,0,0,0,0,0,0,0,0,0,100,0
39,1,a47fcab55a9e50f7,2.519801,0.0,0,14080,1,0,0,0,0,0,0,0,0,0,0,0,0,0,100,0
40,1,b5f6273fb2b90e7a,1.893032,0.0,0,13838,1,1,0,0,0,0,0,0,0,0,0,0,0,0,100,0
41,1,d4c6681bac117084,1.423587,0.0,0,13874,1,1,0,0,0,0,0,0,0,0,0,0,0,0,100,0
42,1,ae90a32d00efa9f2,2.113141,0.0,0,13907,1,0,0,0,0,0,0,0,0,0,0,0,0,0,100,0
43,1,942e23367d356322,1.587524,0.0,0,13915,1,1,0,0,0,0,0,0,0,0,0,0,0,0,100,0
44,1,8f60715f40804828,2.237991,0.0,0,13935,2,1,0,0,0,0,0,0,0,0,0,0,0,0,100,0
45,1,362014dce54928dc,1.681319,0.0,0,14047,1,1,0,0,0,0,0,0,0,0,0,0,0,0,100,0
46,1,2fb7679c1676d035,2.306766,0.0,0,13998,1,0,0,0,0,0,0,0,0,0,0,0,0,0,100,0
47,1,de9b6166c5e37700,1.732987,0.0,0,13879,1,1,0,0,0,0,0,0,0,0,0,0,0,0,100,0
48,1,7f169472be997b16,1.303231,0.0,0,13750,1,1,0,0,0,0,0,0,0,0,0,0,0,0,100,0
49,1,cdcf34c3e9ded664,2.022722,0.0,0,14024,2,1,0,0,0,0,0,0,0,0,0,0,0,0,88,0
50,1,4b5cf00872a1aebc,1.519595,0.0,0,13841,1,1,0,0,0,0,0,0,0,0,0,0,0,0,88,0
51,1,3e265ba30651c6ab,2.186908,0.0,0,13866,1,0,0,0,0,0,0,0,0,0,0,0,0,0,88,0
52,1,be614bd9f9e3f5ef,1.642942,0.0,0,13904,1,1,0,0,0,0,0,0,0,0,0,0,0,0,88,0
53,1,b2ba27f9381e4b5a,1.234281,0.0,0,13914,1,1,0,0,0,0,0,0,0,0,0,0,0,0,88,0
54,1,036ac6147ffa1599,0.927269,0.0,0,14012,1,1,0,0,0,0,0,0,0,0,0,0,0,0,88,0
55,1,641db349b78508bb,1.74147,0.0,0,13738,1,0,0,0,0,0,0,0,0,0,0,0,0,0,88,0
56,1,b70f3c572c7513a0,2.351955,0.0,0,13945,2,1,0,0,0,0,0,0,0,0,0,0,0,0,88,0
57,1,0cfd0527a836892d,1.766936,0.0,0,13987,1,1,0,0,0,0,0,0,0,0,0,0,0,0,88,0
58,1,d7b6fab178fc16ce,2.372911,0.0,0,13850,1,0,0,0,0,0,0,0,0,0,0,0,0,0,88,0
59,1,10bd7183fea63421,1.78268,0.0,0,13948,1,1,0,0,0,0,0,0,0,0,0,0,0,0,88,0
60,1,011a54de91738b93,2.382914,0.0,0,13982,1,0,0,0,0,0,0,0,0,0,0,0,0,0,88,0
61,1,da6686f239c75b3f,1.790194,0.0,0,13870,1,1,0,0,0,0,0,0,0,0,0,0,0,0,88,0
62,1,fd10e72223f76ae7,1.346251,0.0,0,13787,1,1,0,0,0,0,0,0,0,0,0,0,0,0,88,0
63,1,c8277e37da0a75d7,2.055042,0.0,0,13901,1,0,0,0,0,0,0,0,0,0,0,0,0,0,73,0
64,1,388dec7eff919c7c,1.543876,0.0,0,13575,1,1,0,0,0,0,0,0,0,0,0,0,0,0,73,0
65,1,a58aa6931aad8d98,1.161017,0.0,0,14001,1,1,0,0,0,0,0,0,0,0,0,0,0,0,67,0
66,1,f3d94f4241d5e534,1.915882,0.0,0,14017,1,0,0,0,0,0,0,0,0,0,0,0,0,0,67,0
67,1,f974b13729bfbb60,1.43933,0.0,0,13945,1,1,0,0,0,0,0,0,0,0,0,0,0,0,67,0
68,1,c5e622071a9aa848,2.124969,0.0,0,14049,1,0,0,0,0,0,0,0,0,0,0,0,0,0,67,0
69,1,3047597311554c6d,1.598007,0.0,0,13870,1,1,0,0,0,0,0,0,0,0,0,0,0,0,67,0
70,1,e418777c188bb148,1.200523,0.0,0,13805,1,1,0,0,0,0,0,0,0,0,0,0,0,0,67,0
71,1,72663c290713f68f,0.901908,0.0,0,13875,1,1,0,0,0,0,0,0,0,0,0,0,0,0,67,0
72,1,b035b37ee680874a,1.722398,0.0,0,14145,1,0,0,0,0,0,0,0,0,0,0,0,0,0,67,0
73,1,ac733ed737bf786d,1.293973,0.0,0,13839,1,1,0,0,0,0,0,0,0,0,0,0,0,0,67,0
74,1,845933e73630f0d3,0.972114,0.0,0,14002,1,1,0,0,0,0,0,0,0,0,0,0,0,0,67,0
75,1,93db8d968e74bb6d,1.773966,0.0,0,13703,1,0,0,0,0,0,0,0,0,0,0,0,0,0,64,0
76,1,ad97704e78f5566b,1.334048,0.0,0,13859,1,1,0,0,0,0,0,0,0,0,0,0,0,0,64,0
77,1,9cdbe7a8210e110b,1.00222,0.0,0,13804,1,1,0,0,0,0,0,0,0,0,0,0,0,0,64,0
78,1,90343ce0a788ae01,2.840237,0.0,0,13824,2,0,0,0,0,0,0,0,0,0,0,0,0,0,64,0
79,1,3d3fbf9dca7501ef,2.135899,0.0,0,13946,1,1,0,0,0,0,0,0,0,0,0,0,0,0,64,0
80,1,ca7cfa86df368ff1,1.604621,0.0,0,13882,1,1,0,0,0,0,0,0,0,0,0,0,0,0,64,0
81,1,4ad6144bfec74f54,1.205492,0.0,0,14011,1,1,0,0,0,0,0,0,0,0,0,0,0,0,64,0
82,1,48fb7a7f31de1c42,1.949294,0.0,0,13962,1,0,0,0,0,0,0,0,0,0,0,0,0,0,64,0
83,1,8d971d595e856182,1.465897,0.0,0,13856,1,1,0,0,0,0,0,0,0,0,0,0,0,0,64,0
84,1,fb09d0648ce3f85d,1.101274,0.0,0,13802,1,1,0,0,0,0,0,0,0,0,0,0,0,0,64,0
85,1,1f0bda9ef188b9bb,0.827346,0.0,0,13986,1,1,0,0,0,0,0,0,0,0,0,0,0,0,64,0
86,1,2f918a5e79295990,0.622176,0.0,0,13804,1,1,0,0,0,0,0,0,0,0,0,0,0,0,64,0
87,1,a98e6ae92946a428,0.467417,0.0,0,13897,1,1,0,0,0,0,0,0,0,0,0,0,0,0,64,0
88,1,60b364663f89e823,2.43846,0.0,0,13974,2,0,0,0,0,0,0,0,0,0,0,0,0,0,64,0
89,1,c16cfd55de3b5422,1.831924,0.0,0,14002,1,1,0,0,0,0,0,0,0,0,0,0,0,0,64,0
90,1,65f9888ceb8806c5,1.377633,0.0,0,13907,1,1,0,0,0,0,0,0,0,0,0,0,0,0,64,0
91,1,addc09f115ac7c62,1.034964,0.0,0,14242,1,1,0,0,0,0,0,0,0,0,0,0,0,0,64,0
92,1,758fb538fb9817b4,1.821183,0.0,0,14048,1,0,0,0,0,0,0,0,0,0,0,0,0,0,64,0
93,1,a1ebc4938f838ffa,1.369556,0.0,0,13968,1,1,0,0,0,0,0,0,0,0,0,0,0,0,64,0
94,1,f7ab176dccb06e1c,1.028896,0.0,0,13901,1,1,0,0,0,0,0,0,0,0,0,0,0,0,64,0
95,1,c3d82a878b896d34,0.772971,0.0,0,13866,1,1,0,0,0,0,0,0,0,0,0,0,0,0,64,0
96,1,d5720c031ad85f87,2.668011,0.0,0,13980,2,0,0,0,0,0,0,0,0,0,0,0,0,0,64,0
97,1,aa1ba4558c3151af,2.006382,0.0,0,13849,1,1,0,0,0,0,0,0,0,0,0,0,0,0,64,0
98,1,a0d8d690a218dbc3,1.50732,0.0,0,13972,1,1,0,0,0,0,0,0,0,0,0,0,0,0,64,0
99,1,ecf8aaf697dfb243,1.132393,0.0,0,14069,1,1,0,0,0,0,0,0,0,0,0,0,0,0,64,0
100,1,c260bee0a7fa5a5c,1.895726,0.0,0,13578,1,0,0,0,0,0,0,0,0,0,0,0,0,0,64,0
101,1,27fd0ff279e5fd54,1.424188,0.0,0,13915,1,1,0,0,0,0,0,0,0,0,0,0,0,0,64,0
102,1,91660fea347b749c,1.069939,0.0,0,13963,1,1,0,0,0,0,0,0,0,0,0,0,0,0,64,0
103,1,fb72f3cf7213f29f,2.891112,0.0,0,13795,2,0,0,0,0,0,0,0,0,0,0,0,0,0,64,0
104,1,8db04c54127fd283,2.174158,0.0,0,13931,1,1,0,0,0,0,0,0,0,0,0,0,0,0,64,0
105,1,4b5279f89ca1bf04,1.633363,0.0,0,14107,1,1,0,0,0,0,0,0,0,0,0,0,0,0,64,0
106,1,1b03ea272fc5024a,1.227085,0.0,0,14025,1,1,0,0,0,0,0,0,0,0,0,0,0,0,64,0
107,1,b3d061e047518d0a,0.922785,0.0,0,14035,1,1,0,0,0,0,0,0,0,0,0,0,0,0,64,0
108,1,10afafe61520d295,0.693254,0.0,0,14194,1,1,0,0,0,0,0,0,0,0,0,0,0,0,64,0
109,1,2f18a06bcd7717bb,1.564469,0.0,0,14203,1,0,0,0,0,0,0,0,0,0,0,0,0,0,49,0
110,1,40bca554176f3d94,1.175327,0.0,0,15059,1,1,0,0,0,0,0,0,0,0,0,0,0,0,49,0
111,1,32362f53c8507a39,1.928013,0.0,0,14665,2,1,0,0,0,0,0,0,0,0,0,0,0,0,43,0
112,1,411f97c831991eca,2.492098,0.0,0,14836,1,0,0,0,0,0,0,0,0,0,0,0,0,0,43,0
113,1,97cedccef91b8b3d,1.87222,0.0,0,14530,1,1,0,0,0,0,0,0,0,0,0,0,0,0,43,0
114,1,5ca2e16fdfa1bcfd,1.407936,0.0,0,15923,1,1,0,0,0,0,0,0,0,0,0,0,0,0,43,0
115,1,2a7c7205b34fef36,2.101383,0.0,0,15658,1,0,0,0,0,0,0,0,0,0,0,0,0,0,43,0
116,1,f0038cbcb0b1019e,1.578691,0.0,0,15475,1,1,0,0,0,0,0,0,0,0,0,0,0,0,43,0
117,1,40683c492a6d10fe,2.229665,0.0,0,14920,1,0,0,0,0,0,0,0,0,0,0,0,0,0,43,0
118,1,d4d28ca5e45a999e,1.67674,0.0,0,14756,1,1,0,0,0,0,0,0,0,0,0,0,0,0,43,0
119,1,ad30bed5d2e5df08,3.346978,0.0,0,14387,2,0,0,0,0,0,0,0,0,0,0,0,0,0,43,0
120,1,4522e67bb4d89cea,2.51446,0.0,0,15002,1,1,0,0,0,0,0,0,0,0,0,0,0,0,43,0
121,1,19f62fc0b7240286,2.93506,0.0,0,14797,1,0,0,0,0,0,0,0,0,0,0,0,0,0,43,0
122,1,7b831c47a496685e,1.161348,0.0,0,14837,0,1,0,0,0,0,0,0,0,0,0,0,0,0,40,0
123,1,0b438dcfe6be0537,0.872477,0.0,0,14521,1,1,0,0,0,0,0,0,0,0,0,0,0,0,40,0
124,1,703999e1f909c7b4,0.655459,0.0,0,14687,1,1,0,0,0,0,0,0,0,0,0,0,0,0,40,0
125,1,c6bb6af64e78f627,1.537065,0.0,0,14602,1,0,0,0,0,0,0,0,0,0,0,0,0,0,40,0
126,1,f0f5673200f9903d,1.15474,0.0,0,13617,1,1,0,0,0,0,0,0,0,0,0,0,0,0,40,0
127,1,6999ddb192c1839a,0.867513,0.0,0,13320,1,1,0,0,0,0,0,0,0,0,0,0,0,0,40,0
128,1,83609ce678385b16,1.696532,0.0,0,13434,1,0,0,0,0,0,0,0,0,0,0,0,0,0,40,0
129,1,9ed7e53b67fa90b9,1.274541,0.0,0,13405,1,1,0,0,0,0,0,0,0,0,0,0,0,0,40,0
130,1,ec7adc3fb8c9afc2,2.001169,0.0,0,13542,1,0,0,0,0,0,0,0,0,0,0,0,0,0,40,0
131,1,885c67248578c34e,1.503403,0.0,0,13486,1,1,0,0,0,0,0,0,0,0,0,0,0,0,40,0
132,1,bb71befa4be0490b,1.130581,0.0,0,13397,1,1,0,0,0,0,0,0,0,0,0,0,0,0,40,0
133,1,32a4b7de36300a6c,0.849363,0.0,0,13605,1,1,0,0,0,0,0,0,0,0,0,0,0,0,40,0
134,1,5821e5e60480f991,1.681748,0.0,0,13402,1,0,0,0,0,0,0,0,0,0,0,0,0,0,40,0
135,1,67aeabffb5ad3fe2,1.264698,0.0,0,13478,1,1,0,0,0,0,0,0,0,0,0,0,0,0,40,0
136,1,0de8a34bd158f11b,0.950121,0.0,0,13399,1,1,0,0,0,0,0,0,0,0,0,0,0,0,40,0
137,1,5d4068c2dca90ce7,1.757444,0.0,0,13582,1,0,0,0,0,0,0,0,0,0,0,0,0,0,40,0
138,1,ca4d7601a3cc93b4,1.320302,0.0,0,13579,1,1,0,0,0,0,0,0,0,0,0,0,0,0,40,0
139,1,967cb21ec2268860,0.992886,0.0,0,13426,1,1,0,0,0,0,0,0,0,0,0,0,0,0,40,0
140,1,cf0e04818a7d98a4,0.745918,0.0,0,13533,1,1,0,0,0,0,0,0,0,0,0,0,0,0,40,0
141,1,72a2e490bc778fba,2.647687,0.0,0,13598,2,0,0,0,0,0,0,0,0,0,0,0,0,0,40,0
142,1,8dbe61318b49ca84,1.991098,0.0,0,13566,1,1,0,0,0,0,0,0,0,0,0,0,0,0,40,0
143,1,d649d6e8c998a371,1.495838,0.0,0,13826,1,1,0,0,0,0,0,0,0,0,0,0,0,0,40,0
144,1,2bbfe13d1c8fcb68,2.16742,0.0,0,13580,1,0,0,0,0,0,0,0,0,0,0,0,0,0,40,0
145,1,e4717c9048e99962,1.628302,0.0,0,13610,1,1,0,0,0,0,0,0,0,0,0,0,0,0,40,0
146,1,61142402ea15fe58,1.224506,0.0,0,13757,1,1,0,0,0,0,0,0,0,0,0,0,0,0,40,0
147,1,75635080619168e1,3.007232,0.0,0,13600,2,0,0,0,0,0,0,0,0,0,0,0,0,0,40,0
148,1,dc36b297dc861b0c,2.259221,0.0,0,13643,1,1,0,0,0,0,0,0,0,0,0,0,0,0,40,0
149,1,02e2d861a85e2d1e,1.698967,0.0,0,13691,1,1,0,0,0,0,0,0,0,0,0,0,0,0,25,0
150,1,66f466e6e93a01dc,2.320023,0.0,0,13798,1,0,0,0,0,0,0,0,0,0,0,0,0,0,25,0
151,1,4683cad958805b11,1.742947,0.0,0,13731,1,1,0,0,0,0,0,0,0,0,0,0,0,0,25,0
152,1,c48e6b99be33e393,2.353064,0.0,0,13711,2,1,0,0,0,0,0,0,0,0,0,0,0,0,25,0
153,1,b3eef4968cafb59c,2.813688,0.0,0,13870,1,0,0,0,0,0,0,0,0,0,0,0,0,0,25,0
154,1,68bc099cdb4de45f,2.113819,0.0,0,13689,1,1,0,0,0,0,0,0,0,0,0,0,0,0,25,0
155,1,34d43c016b8a27b8,1.588033,0.0,0,13592,1,1,0,0,0,0,0,0,0,0,0,0,0,0,25,0
156,1,c09ef414d5ac2aa9,2.238374,0.0,0,13552,2,1,0,0,0,0,0,0,0,0,0,0,0,0,25,0
157,1,077ea2c76c35c8c6,2.72526,0.0,0,13692,1,0,0,0,0,0,0,0,0,0,0,0,0,0,4,0
158,1,da8a582d045a8453,2.047386,0.0,0,13932,1,1,0,0,0,0,0,0,0,0,0,0,0,0,4,0
159,1,f0aaff072bf8d435,1.538125,0.0,0,13445,1,1,0,0,0,0,0,0,0,0,0,0,0,0,4,0
160,1,3de2eb649734c3af,1.156692,0.0,0,14007,1,1,0,0,0,0,0,0,0,0,0,0,0,0,4,0
161,1,bb9116893a8c5ed8,1.912633,0.0,0,14061,2,1,0,0,0,0,0,0,0,0,0,0,0,0,4,0
162,1,370f08af87c153c6,1.436889,0.0,0,13714,1,1,0,0,0,0,0,0,0,0,0,0,0,0,4,0
163,1,bdeac242b6b1398b,2.124712,0.0,0,13485,1,0,0,0,0,0,0,0,0,0,0,0,0,0,4,0
164,1,9a7ee4b201ff02c7,1.596217,0.0,0,13346,1,1,0,0,0,0,0,0,0,0,0,0,0,0,4,0
165,1,12cbf28ee2cd96b8,2.242831,0.0,0,13498,1,0,0,0,0,0,0,0,0,0,0,0,0,0,4,0
166,1,811342a7ea26e82f,1.684955,0.0,0,13234,1,1,0,0,0,0,0,0,0,0,0,0,0,0,4,0
167,1,39e7429a791ab159,1.26711,0.0,0,13282,1,1,0,0,0,0,0,0,0,0,0,0,0,0,4,0
168,1,cb67f5246486e578,1.995586,0.0,0,13176,1,0,0,0,0,0,0,0,0,0,0,0,0,0,4,0
169,1,986906f1077f3b8b,1.499209,0.0,0,13369,1,1,0,0,0,0,0,0,0,0,0,0,0,0,4,0
170,1,ad796c57da8c11f6,2.171577,0.0,0,13430,1,0,0,0,0,0,0,0,0,0,0,0,0,0,4,0
171,1,7c889050e2ec56a1,1.631425,0.0,0,13070,1,1,0,0,0,0,0,0,0,0,0,0,0,0,4,0
172,1,ae1d53052778ebe2,2.269282,0.0,0,13441,1,0,0,0,0,0,0,0,0,0,0,0,0,0,4,0
173,1,f927f4bb5d95f847,2.74848,0.0,0,13634,1,0,0,0,0,0,0,0,0,0,0,0,0,0,4,0
174,1,cde1f1bbe7024a5e,2.066896,0.0,0,13332,1,1,0,0,0,0,0,0,0,0,0,0,0,0,4,0
175,1,a15e4925c380fccf,1.552782,0.0,0,13520,1,1,0,0,0,0,0,0,0,0,0,0,0,0,4,0
176,1,ca84ab883a39ebea,3.253854,0.0,0,13518,2,0,0,0,0,0,0,0,0,0,0,0,0,0,4,0
177,1,9d7a46d4d02f5b94,2.446944,0.0,0,13549,1,1,0,0,0,0,0,0,0,0,0,0,0,0,4,0
178,1,6b9ff6568217930e,1.838298,0.0,0,13671,1,1,0,0,0,0,0,0,0,0,0,0,0,0,4,0
179,1,847e9e3e32dc3d55,2.424698,0.0,0,13692,1,0,0,0,0,0,0,0,0,0,0,0,0,0,4,0
180,1,38af1c735706e91d,1.821585,0.0,0,13663,1,1,0,0,0,0,0,0,0,0,0,0,0,0,4,0
181,1,4963b4e3b22a1a7a,1.369858,0.0,0,13887,1,1,0,0,0,0,0,0,0,0,0,0,0,0,4,0
182,1,601fa1fe85938f5e,3.11643,0.0,0,13746,2,0,0,0,0,0,0,0,0,0,0,0,0,0,-17,0
183,2,1fd48474a6be9a50,2.341257,0.0,0,13973,1,1,0,0,0,0,0,0,0,0,0,0,0,0,100,0
184,2,54fdc8ee2bc58937,1.760659,0.0,0,13953,1,1,0,0,0,0,0,0,0,0,0,0,0,0,100,0
185,2,a7b61020935ecd68,2.36637,0.0,0,14281,1,0,0,0,0,0,0,0,0,0,0,0,0,0,100,0
186,2,f003ff08172b3ef6,1.777766,0.0,0,14044,1,1,0,0,0,0,0,0,0,0,0,0,0,0,100,0
187,2,28d4dd6ad339f3a2,1.335569,0.0,0,14158,1,1,0,0,0,0,0,0,0,0,0,0,0,0,100,0
188,2,2be2468bea3e493e,2.048517,0.0,0,13942,1,0,0,0,0,0,0,0,0,0,0,0,0,0,100,0
189,2,913c2bd7d5b42c35,1.538974,0.0,0,14067,1,1,0,0,0,0,0,0,0,0,0,0,0,0,100,0
190,2,4030759752c2d030,1.156174,0.0,0,14047,1,1,0,0,0,0,0,0,0,0,0,0,0,0,100,0
191,2,2f29bcf365e144a0,0.869459,0.0,0,13773,1,1,0,0,0,0,0,0,0,0,0,0,0,0,100,0
192,2,3f2de3886f9b2f23,1.696846,0.0,0,13984,1,0,0,0,0,0,0,0,0,0,0,0,0,0,100,0
193,2,244ea64236985ea9,1.274777,0.0,0,14056,1,1,0,0,0,0,0,0,0,0,0,0,0,0,100,0
194,2,272e80a4d936f367,0.957692,0.0,0,13982,1,1,0,0,0,0,0,0,0,0,0,0,0,0,100,0
195,2,08a2b953312b2626,1.764349,0.0,0,13947,1,0,0,0,0,0,0,0,0,0,0,0,0,0,100,0
196,2,38527b3c808c7c55,2.369143,0.0,0,14091,2,1,0,0,0,0,0,0,0,0,0,0,0,0,100,0
197,2,1fb115d43422e6a3,1.779848,0.0,0,13953,1,1,0,0,0,0,0,0,0,0,0,0,0,0,100,0
198,2,55dd17d4a68b27b2,1.338471,0.0,0,13838,1,1,0,0,0,0,0,0,0,0,0,0,0,0,100,0
199,2,df33b63b54acaac1,1.005543,0.0,0,14023,1,1,0,0,0,0,0,0,0,0,0,0,0,0,100,0
200,2,71b4eea1006242e6,1.799081,0.0,0,13916,1,0,0,0,0,0,0,0,0,0,0,0,0,0,100,0
201,2,c9dbf1fc7f5ef6c4,1.351582,0.0,0,13956,1,1,0,0,0,0,0,0,0,0,0,0,0,0,100,0
202,2,912b5ccbfa905c16,1.016409,0.0,0,13909,1,1,0,0,0,0,0,0,0,0,0,0,0,0,100,0
203,2,c970d1411e3e2f50,0.76359,0.0,0,14031,1,1,0,0,0,0,0,0,0,0,0,0,0,0,100,0
204,2,9087afb89621ef08,0.573657,0.0,0,13983,1,1,0,0,0,0,0,0,0,0,0,0,0,0,100,0
205,2,337a4817229242a7,1.475548,0.0,0,13970,1,0,0,0,0,0,0,0,0,0,0,0,0,0,100,0
206,2,cddaf40cb98329cd,1.108524,0.0,0,13991,1,1,0,0,0,0,0,0,0,0,0,0,0,0,100,0
207,2,9e4a54fde72a0b26,1.876446,0.0,0,14059,2,1,0,0,0,0,0,0,0,0,0,0,0,0,100,0
208,2,0691270cf3f869c8,2.453357,0.0,0,13990,1,0,0,0,0,0,0,0,0,0,0,0,0,0,100,0
209,2,5f0f7e27b2d85e1b,1.84496,0.0,0,13816,1,1,0,0,0,0,0,0,0,0,0,0,0,0,100,0
210,2,90644ffb0890c498,1.386049,0.0,0,13979,1,1,0,0,0,0,0,0,0,0,0,0,0,0,100,0
211,2,1efad6ad7624877b,1.041287,0.0,0,13886,1,1,0,0,0,0,0,0,0,0,0,0,0,0,100,0
212,2,650e404fd38beca8,0.783063,0.0,0,14016,1,1,0,0,0,0,0,0,0,0,0,0,0,0,100,0
213,2,d0a657c7d26b9eef,1.631939,0.0,0,13968,1,0,0,0,0,0,0,0,0,0,0,0,0,0,100,0
214,2,41ccad50131ba871,1.226015,0.0,0,13975,1,1,0,0,0,0,0,0,0,0,0,0,0,0,100,0
215,2,c6328629d09e13a3,1.964712,0.0,0,13955,2,1,0,0,0,0,0,0,0,0,0,0,0,0,100,0
216,2,117b17feda03424f,2.521642,0.0,0,13981,1,0,0,0,0,0,0,0,0,0,0,0,0,0,100,0
217,2,ce4e426cdea7079a,1.894416,0.0,0,13904,1,1,0,0,0,0,0,0,0,0,0,0,0,0,100,0
218,2,4347f61de51c5307,1.423204,0.0,0,13817,1,1,0,0,0,0,0,0,0,0,0,0,0,0,100,0
219,2,a9f0fc57973a581d,1.070269,0.0,0,14099,1,1,0,0,0,0,0,0,0,0,0,0,0,0,100,0
220,2,b006c3a0c632dbb3,1.847707,0.0,0,13977,1,0,0,0,0,0,0,0,0,0,0,0,0,0,100,0
221,2,e67b8666a61780f4,1.388113,0.0,0,13799,1,1,0,0,0,0,0,0,0,0,0,0,0,0,100,0
222,2,ecb90cdbb71807a9,1.042837,0.0,0,14090,1,1,0,0,0,0,0,0,0,0,0,0,0,0,100,0
223,2,bd0256e4551f375f,0.784229,0.0,0,13817,1,1,0,0,0,0,0,0,0,0,0,0,0,0,100,0
224,2,5e6fff9f7ab71668,1.632815,0.0,0,13852,2,1,0,0,0,0,0,0,0,0,0,0,0,0,100,0
225,2,e9a05cbcc4986f74,1.226673,0.0,0,14075,1,1,0,0,0,0,0,0,0,0,0,0,0,0,100,0
226,2,825cc697066a1888,0.922475,0.0,0,13768,1,1,0,0,0,0,0,0,0,0,0,0,0,0,100,0
227,2,fdba438dedf514d2,1.736675,0.0,0,14020,1,0,0,0,0,0,0,0,0,0,0,0,0,0,100,0
228,2,709f5d549ce6785a,1.304699,0.0,0,13808,1,1,0,0,0,0,0,0,0,0,0,0,0,0,100,0
229,2,232a2e3d589e4f91,2.023825,0.0,0,13943,2,1,0,0,0,0,0,0,0,0,0,0,0,0,100,0
230,2,1312cf0ed8af79ea,2.566096,0.0,0,13653,1,0,0,0,0,0,0,0,0,0,0,0,0,0,100,0
231,2,6227fbc50b4b8902,1.927812,0.0,0,13996,1,1,0,0,0,0,0,0,0,0,0,0,0,0,100,0
232,2,7923fe146be5699a,1.448293,0.0,0,13848,1,1,0,0,0,0,0,0,0,0,0,0,0,0,100,0
233,2,2c79eb9559d90fb6,1.089137,0.0,0,13927,1,1,0,0,0,0,0,0,0,0,0,0,0,0,100,0
234,2,c194c0f58790235e,1.861881,0.0,0,13927,1,0,0,0,0,0,0,0,0,0,0,0,0,0,100,0
235,2,147fdf7e83d02fa1,1.398762,0.0,0,14094,1,1,0,0,0,0,0,0,0,0,0,0,0,0,100,0
236,2,5601ffd9079f665b,3.138144,0.0,0,13855,2,0,0,0,0,0,0,0,0,0,0,0,0,0,100,0
237,2,b4d2f946cefab47a,2.359929,0.0,0,13863,1,1,0,0,0,0,0,0,0,0,0,0,0,0,100,0
238,2,bd092d83922a376b,1.772927,0.0,0,13874,1,1,0,0,0,0,0,0,0,0,0,0,0,0,100,0
239,2,fdc4226230694f2f,2.375587,0.0,0,13847,1,0,0,0,0,0,0,0,0,0,0,0,0,0,100,0
240,2,71df3570d14d9f12,1.786475,0.0,0,13411,1,1,0,0,0,0,0,0,0,0,0,0,0,0,100,0
241,2,574a490f0c594e60,2.385765,0.0,0,13880,1,0,0,0,0,0,0,0,0,0,0,0,0,0,100,0
242,2,e06668de6057262f,1.792336,0.0,0,13809,1,1,0,0,0,0,0,0,0,0,0,0,0,0,85,0
243,2,d8a2d57ac233cdd5,1.346515,0.0,0,13866,1,1,0,0,0,0,0,0,0,0,0,0,0,0,85,0
244,2,c1f79149a02afc42,2.056749,0.0,0,13814,1,0,0,0,0,0,0,0,0,0,0,0,0,0,85,0
245,2,aaf6716110d57451,1.545159,0.0,0,13948,1,1,0,0,0,0,0,0,0,0,0,0,0,0,85,0
246,2,890cb16d986f2ba7,1.16082,0.0,0,13736,1,1,0,0,0,0,0,0,0,0,0,0,0,0,85,0
247,2,d706b53cdc7ab726,1.917104,0.0,0,13776,1,0,0,0,0,0,0,0,0,0,0,0,0,0,85,0
248,2,3e7c56d9b23b5fa5,1.440248,0.0,0,13864,1,1,0,0,0,0,0,0,0,0,0,0,0,0,85,0
249,2,9897e8989b791c27,1.082005,0.0,0,13705,1,1,0,0,0,0,0,0,0,0,0,0,0,0,85,0
250,2,ba9973282e61ddeb,1.856523,0.0,0,13728,2,1,0,0,0,0,0,0,0,0,0,0,0,0,85,0
251,2,567adc7117640cdc,1.396132,0.0,0,13745,1,1,0,0,0,0,0,0,0,0,0,0,0,0,85,0
252,2,c3556e309b422f8d,2.092515,0.0,0,13755,1,0,0,0,0,0,0,0,0,0,0,0,0,0,85,0
253,2,985a8adffb5511ab,1.572028,0.0,0,13941,1,1,0,0,0,0,0,0,0,0,0,0,0,0,85,0
254,2,63c4991224e89b10,2.226338,0.0,0,13855,1,0,0,0,0,0,0,0,0,0,0,0,0,0,85,0
255,2,0e86465feb66a6cb,1.672565,0.0,0,14010,1,1,0,0,0,0,0,0,0,0,0,0,0,0,85,0
256,2,10b9c923c4703dc9,1.256535,0.0,0,13987,1,1,0,0,0,0,0,0,0,0,0,0,0,0,85,0
257,2,dd4dadc527af2606,0.943988,0.0,0,13961,1,1,0,0,0,0,0,0,0,0,0,0,0,0,85,0
258,2,f3cdd7baa7749240,2.798193,0.0,0,13989,2,0,0,0,0,0,0,0,0,0,0,0,0,0,85,0
259,2,06a567ab1c6e8359,2.102178,0.0,0,14230,1,1,0,0,0,0,0,0,0,0,0,0,0,0,85,0
260,2,6878bab8668bd7a3,1.579288,0.0,0,14049,1,1,0,0,0,0,0,0,0,0,0,0,0,0,85,0
261,2,f0963f32006dd426,1.187647,0.0,0,13825,1,1,0,0,0,0,0,0,0,0,0,0,0,0,85,0
262,2,0c8883498eaebaab,1.935888,0.0,0,13903,1,0,0,0,0,0,0,0,0,0,0,0,0,0,85,0
263,2,7915a70099672c13,1.45436,0.0,0,14003,1,1,0,0,0,0,0,0,0,0,0,0,0,0,85,0
264,2,264b70d5da5335e4,2.13626,0.0,0,13838,2,1,0,0,0,0,0,0,0,0,0,0,0,0,85,0
265,2,bc5a7b9007bb3e14,2.650648,0.0,0,13681,1,0,0,0,0,0,0,0,0,0,0,0,0,0,85,0
266,2,9a0a24921d25f1e3,1.991333,0.0,0,13818,1,1,0,0,0,0,0,0,0,0,0,0,0,0,85,0
267,2,5e6c2d4f30d6d0bd,1.496014,0.0,0,13529,1,1,0,0,0,0,0,0,0,0,0,0,0,0,85,0
268,2,1a3fa58ea5ae6519,1.125024,0.0,0,13385,1,1,0,0,0,0,0,0,0,0,0,0,0,0,85,0
269,2,f735400d01bf5cba,1.888842,0.0,0,13399,1,0,0,0,0,0,0,0,0,0,0,0,0,0,85,0
270,2,27f704cd6c070e5a,2.46267,0.0,0,13489,2,1,0,0,0,0,0,0,0,0,0,0,0,0,85,0
271,2,c0ab36f4a1637b68,1.850112,0.0,0,13572,1,1,0,0,0,0,0,0,0,0,0,0,0,0,85,0
272,2,36c35967d9c4a5d0,2.435461,0.0,0,13549,1,0,0,0,0,0,0,0,0,0,0,0,0,0,85,0
273,2,1b8063566a31823f,1.829671,0.0,0,13878,1,1,0,0,0,0,0,0,0,0,0,0,0,0,85,0
274,2,b40bd1ccf91ca0ab,1.374563,0.0,0,13789,1,1,0,0,0,0,0,0,0,0,0,0,0,0,85,0
275,2,0ce6eaa9beb9f2ef,2.077842,0.0,0,13800,2,1,0,0,0,0,0,0,0,0,0,0,0,0,85,0
276,2,f9e4213fdd72bcfe,2.604658,0.0,0,13903,1,0,0,0,0,0,0,0,0,0,0,0,0,0,85,0
277,2,6dc115d9a4d006ad,1.956782,0.0,0,13802,1,1,0,0,0,0,0,0,0,0,0,0,0,0,85,0
278,2,c8f9392d63a8108c,2.513711,0.0,0,13978,1,0,0,0,0,0,0,0,0,0,0,0,0,0,85,0
279,2,11d744406e3ffbe9,1.890346,0.0,0,13769,1,1,0,0,0,0,0,0,0,0,0,0,0,0,85,0
280,2,7e4cf25a8585251c,1.420146,0.0,0,13916,1,1,0,0,0,0,0,0,0,0,0,0,0,0,85,0
281,2,63a27c822d392cdd,3.15421,0.0,0,14052,2,0,0,0,0,0,0,0,0,0,0,0,0,0,85,0
282,2,9b621daa3f1eac60,2.372011,0.0,0,13831,1,1,0,0,0,0,0,0,0,0,0,0,0,0,85,0
283,2,e931f2c43f561a22,1.782003,0.0,0,13792,1,1,0,0,0,0,0,0,0,0,0,0,0,0,85,0
284,2,3ce3b4c22af33d24,2.382406,0.0,0,13953,1,0,0,0,0,0,0,0,0,0,0,0,0,0,52,0
285,2,cdc4f85220bad02b,1.789812,0.0,0,14845,1,1,0,0,0,0,0,0,0,0,0,0,0,0,52,0
286,2,b54e992c5e876c0d,2.390115,0.0,0,14811,1,0,0,0,0,0,0,0,0,0,0,0,0,0,52,0
287,2,7d0014cd656c6b6b,1.795604,0.0,0,16995,1,1,0,0,0,0,0,0,0,0,0,0,0,0,52,0
288,2,0bfd1988076290f3,2.392623,0.0,0,17199,2,1,0,0,0,0,0,0,0,0,0,0,0,0,52,0
289,2,7b504a31b750d0d6,1.799287,0.0,0,17067,1,1,0,0,0,0,0,0,0,0,0,0,0,0,52,0
290,2,89374b98085533b7,1.351737,0.0,0,16766,1,1,0,0,0,0,0,0,0,0,0,0,0,0,52,0
291,2,e2b3ebbf5324c98a,2.059163,0.0,0,16547,1,0,0,0,0,0,0,0,0,0,0,0,0,0,52,0
292,2,b6af53e39786c635,2.590625,0.0,0,16198,2,1,0,0,0,0,0,0,0,0,0,0,0,0,52,0
293,2,a4ed716b661ecb15,1.948187,0.0,0,16144,1,1,0,0,0,0,0,0,0,0,0,0,0,0,52,0
294,2,61cff4518277ae11,1.4636,0.0,0,15697,1,1,0,0,0,0,0,0,0,0,0,0,0,0,52,0
295,2,a31e7b6e6576a3c4,1.099548,0.0,0,15715,1,1,0,0,0,0,0,0,0,0,0,0,0,0,52,0
296,2,da8ca95ae51a850c,0.826876,0.0,0,15589,1,1,0,0,0,0,0,0,0,0,0,0,0,0,52,0
297,2,945a746400bc0f4c,1.664854,0.0,0,15788,1,0,0,0,0,0,0,0,0,0,0,0,0,0,52,0
298,2,2cd88dbeb2b6d0be,2.294396,0.0,0,15498,2,1,0,0,0,0,0,0,0,0,0,0,0,0,52,0
299,2,7c9d81f9dbf0a1f9,1.723694,0.0,0,14220,1,1,0,0,0,0,0,0,0,0,0,0,0,0,52,0
300,2,1eefeece6802cc87,1.296243,0.0,0,13373,1,1,0,0,0,0,0,0,0,0,0,0,0,0,52,0
301,2,c9e0a8c08d27b02f,0.973819,0.0,0,13837,1,1,0,0,0,0,0,0,0,0,0,0,0,0,52,0
302,2,1fd55a96de99d403,1.775247,0.0,0,13591,1,0,0,0,0,0,0,0,0,0,0,0,0,0,52,0
303,2,e45b58c5937af4b8,2.379161,0.0,0,13669,2,1,0,0,0,0,0,0,0,0,0,0,0,0,52,0
304,2,add24fcd3cbb8fbf,1.787375,0.0,0,13588,1,1,0,0,0,0,0,0,0,0,0,0,0,0,52,0
305,2,accda1f3aa72ebbe,1.342788,0.0,0,13843,1,1,0,0,0,0,0,0,0,0,0,0,0,0,37,0
306,2,f02372ecb59a32d2,2.05244,0.0,0,13604,1,0,0,0,0,0,0,0,0,0,0,0,0,0,37,0
307,2,b19068059acf0024,1.543464,0.0,0,13763,1,1,0,0,0,0,0,0,0,0,0,0,0,0,37,0
308,2,b72761be3b110600,1.159547,0.0,0,13757,1,1,0,0,0,0,0,0,0,0,0,0,0,0,37,0
309,2,3f8200df7f02aed8,2.958431,0.0,0,13674,2,0,0,0,0,0,0,0,0,0,0,0,0,0,37,0
310,2,4078680b602b536e,2.224782,0.0,0,13633,1,1,0,0,0,0,0,0,0,0,0,0,0,0,37,0
311,2,102d6931cd8ca74d,1.671396,0.0,0,13744,1,1,0,0,0,0,0,0,0,0,0,0,0,0,37,0
312,2,4cc95b0e3138b215,1.255657,0.0,0,13654,1,1,0,0,0,0,0,0,0,0,0,0,0,0,37,0
313,2,f5d9d47287d26b4f,1.986982,0.0,0,13946,1,0,0,0,0,0,0,0,0,0,0,0,0,0,37,0
314,2,feb2efc286e5390b,1.494238,0.0,0,13708,1,1,0,0,0,0,0,0,0,0,0,0,0,0,37,0
315,2,848c2cb39ca2ca35,2.166219,0.0,0,13779,2,1,0,0,0,0,0,0,0,0,0,0,0,0,37,0
316,2,94c8154fe121c757,2.671053,0.0,0,13776,1,0,0,0,0,0,0,0,0,0,0,0,0,0,37,0
317,2,e177d9dc4b061976,2.00867,0.0,0,13624,1,1,0,0,0,0,0,0,0,0,0,0,0,0,37,0
318,2,0690f583d1c9efd7,1.509038,0.0,0,13651,1,1,0,0,0,0,0,0,0,0,0,0,0,0,37,0
319,2,1098476dc1c8e80a,2.177338,0.0,0,13670,1,0,0,0,0,0,0,0,0,0,0,0,0,0,37,0
320,2,6d47b2f8d9027caf,1.635752,0.0,0,13474,1,1,0,0,0,0,0,0,0,0,0,0,0,0,37,0
321,2,2055ac5b2d4f8aa4,1.230109,0.0,0,13428,1,1,0,0,0,0,0,0,0,0,0,0,0,0,37,0
322,2,24f1e6adbddc2357,3.011442,0.0,0,13635,2,0,0,0,0,0,0,0,0,0,0,0,0,0,31,0
323,2,cc7f01fb438d0871,2.262384,0.0,0,13290,1,1,0,0,0,0,0,0,0,0,0,0,0,0,31,0
324,2,6d69871414e5619c,1.701345,0.0,0,13503,1,1,0,0,0,0,0,0,0,0,0,0,0,0,31,0
325,2,a5c0d6e1018c7dbb,2.32181,0.0,0,13519,1,0,0,0,0,0,0,0,0,0,0,0,0,0,31,0
326,2,024b78eccf9a1fd6,1.744289,0.0,0,13587,1,1,0,0,0,0,0,0,0,0,0,0,0,0,22,0
327,2,658f7e3951bfc0e6,2.354073,0.0,0,13592,2,1,0,0,0,0,0,0,0,0,0,0,0,0,22,0
328,2,90a5b8a5a26467ba,2.814447,0.0,0,13536,1,0,0,0,0,0,0,0,0,0,0,0,0,0,22,0
329,2,bea555fd331bc24c,2.114389,0.0,0,13675,1,1,0,0,0,0,0,0,0,0,0,0,0,0,22,0
330,2,358bccd8c10fb184,2.632114,0.0,0,13777,1,0,0,0,0,0,0,0,0,0,0,0,0,0,22,0
331,2,b6a7e5495f699773,1.979388,0.0,0,13923,1,1,0,0,0,0,0,0,0,0,0,0,0,0,22,0
332,2,40d14f59479508b1,2.530693,0.0,0,14185,1,0,0,0,0,0,0,0,0,0,0,0,0,0,22,0
333,2,510e43732320cb49,1.901215,0.0,0,14624,1,1,0,0,0,0,0,0,0,0,0,0,0,0,22,0
334,2,3baf90974603d0e1,3.515619,0.0,0,15672,2,0,0,0,0,0,0,0,0,0,0,0,0,0,22,0
335,2,ff96bf1c0f7bef9c,2.643795,0.0,0,15867,1,1,0,0,0,0,0,0,0,0,0,0,0,0,22,0
336,2,abff8cd2eb49ad30,3.029838,0.0,0,15938,1,0,0,0,0,0,0,0,0,0,0,0,0,0,22,0
337,2,00480bc7f82b71d5,2.276204,0.0,0,16145,1,1,0,0,0,0,0,0,0,0,0,0,0,0,22,0
338,2,e05650921be881de,2.755888,0.0,0,16258,2,1,0,0,0,0,0,0,0,0,0,0,0,0,22,0
339,2,c99bcac1002218a0,2.070396,0.0,0,16161,1,1,0,0,0,0,0,0,0,0,0,0,0,0,22,0
340,2,80c48ee4ee94da50,3.642718,0.0,0,14745,2,0,0,0,0,0,0,0,0,0,0,0,0,0,22,0
341,2,b73c78b7df92b62f,2.736638,0.0,0,13625,1,1,0,0,0,0,0,0,0,0,0,0,0,0,13,0
342,2,f3fd2a43e1bbcc27,2.057991,0.0,0,13789,1,1,0,0,0,0,0,0,0,0,0,0,0,0,13,0
343,2,1816acdbadbe2c04,1.546091,0.0,0,13825,1,1,0,0,0,0,0,0,0,0,0,0,0,0,13,0
344,2,ba9f8771495c1f50,3.248827,0.0,0,13827,2,0,0,0,0,0,0,0,0,0,0,0,0,0,13,0
345,2,4d6264d3b5caad61,2.443164,0.0,0,13810,1,1,0,0,0,0,0,0,0,0,0,0,0,0,13,0
346,2,dd348c77c8834748,1.835458,0.0,0,13965,1,1,0,0,0,0,0,0,0,0,0,0,0,0,13,0
347,2,16b131988e6d8876,2.422564,0.0,0,13855,1,0,0,0,0,0,0,0,0,0,0,0,0,0,10,0
348,2,143ba4d2e085020f,1.819982,0.0,0,14054,1,1,0,0,0,0,0,0,0,0,0,0,0,0,10,0
349,2,8ff95f6b19a70938,1.368652,0.0,0,14092,1,1,0,0,0,0,0,0,0,0,0,0,0,0,10,0
350,2,4d3f77fce33f647d,2.071871,0.0,0,13973,2,1,0,0,0,0,0,0,0,0,0,0,0,0,10,0
